filename,puzzle_correct,patch_matches,time_s
108553_Cassock_primary.jpg,0,0,8.23
128196_Textile_primary.jpg,1,9,1.37
13799_Panel_blue-resist_textile_primary.jpg,0,3,1.34
13801_Panel_blue-resist_textile_primary.jpg,0,0,1.45
157548_Vestment_primary.jpg,0,0,1.45
157562_Textile_fragment_primary.jpg,0,6,1.49
157612_Orphrey_primary.jpg,0,0,1.43
157934_Chasuble_primary.jpg,0,3,1.49
158178_Chasuble_stole_and_maniple_primary.jpg,0,7,1.44
158366_Bed_curtain_border_primary.jpg,0,5,1.37
158367_Bed_curtain_border_primary.jpg,0,0,1.40
158399_Towel_border_primary.jpg,0,1,1.43
173371_Textile_panel_primary.jpg,0,0,1.43
173406_Textile_primary.jpg,0,0,1.35
173413_Textile_primary.jpg,0,1,1.39
174449_Chasuble_primary.jpg,0,1,1.39
174911_Chasuble_primary.jpg,0,1,1.36
175599_Fragment_of_a_shirt_primary.jpg,0,0,1.37
202130_Allegory_of_Water_Neptune_Rescuing_Amymone_primary.jpg,0,0,1.48
202228_Carpet_with_Fame_and_Fortitude_primary.jpg,0,0,1.45
202927_Length_of_roller_printed_cotton_primary.jpg,0,0,1.39
202958_Piece_primary.jpg,0,3,1.42
204484_Diana_and_Actaeon_from_a_set_of_Ovids_Metamorphos_primary.jpg,0,0,1.57
205350_Length_of_furnishing_fabric_primary.jpg,0,0,1.37
206403_Carpet_with_landscapes_primary.jpg,0,2,1.41
207504_Length_of_woven_wool_and_silk_primary.jpg,0,1,1.31
208528_Six_Putti_Dancing_Around_a_Globe_and_a_Palm_from_a_primary.jpg,0,0,1.53
210784_Furnishing_textile_primary.jpg,0,0,1.33
212218_Chandos_primary.jpg,0,1,1.40
212255_Strip_primary.jpg,0,3,1.32
212608_Elijah_and_the_fiery_chariot_primary.jpg,0,1,1.39
212611_The_Virgin_Annunciate_primary.jpg,0,0,1.54
212622_The_Death_of_Cleopatra_from_a_set_of_The_Story_of_primary.jpg,0,1,1.51
212623_The_Colosseum_from_a_set_of_The_Wonders_of_the_Wor_primary.jpg,0,0,1.49
212991_Piece_primary.jpg,0,4,1.44
213063_Piece_primary.jpg,0,0,1.43
213079_Fragment_primary.jpg,0,0,1.31
213122_Piece_primary.jpg,0,0,1.34
213131_Fragment_primary.jpg,0,0,1.33
213136_Damask_primary.jpg,0,0,1.51
213144_Piece_primary.jpg,0,0,1.48
213161_Piece_primary.jpg,0,4,1.52
213183_Piece_primary.jpg,1,9,1.45
213199_Piece_primary.jpg,0,4,1.49
213202_Piece_primary.jpg,0,3,1.41
213209_Piece_primary.jpg,0,0,1.51
213264_Sampler_primary.jpg,0,0,1.34
213439_Piece_primary.jpg,0,0,1.41
214172_Piece_primary.jpg,0,4,1.36
214310_Womans_wedding_mantle_lliclla_with_interlace_an_primary.jpg,0,0,1.35
214318_Silk_textile_with_Seraphim_and_Crosses_primary.jpg,0,0,1.44
214326_Sampler_primary.jpg,0,0,1.37
214341_Piece_primary.jpg,0,2,1.41
215312_Towel_primary.jpg,0,3,1.42
215365_Cap_primary.jpg,0,2,1.34
215452_Band_primary.jpg,0,1,1.32
215460_Band_primary.jpg,0,4,1.33
215464_Fragment_primary.jpg,0,1,1.32
215483_Cap_fragment_primary.jpg,0,3,1.32
215537_Piece_primary.jpg,0,5,1.34
215547_Piece_primary.jpg,0,1,1.32
215569_Peasant_costume_fragment_primary.jpg,0,2,1.42
215574_Peasant_costume_fragment_primary.jpg,0,0,1.39
215583_Peasant_costume_fragment_primary.jpg,0,1,1.46
215608_Peasant_costume_fragment_primary.jpg,0,3,1.30
215659_Fragment_primary.jpg,0,1,1.42
215695_Piece_primary.jpg,0,0,1.40
215707_Piece_one_of_116_primary.jpg,1,9,1.33
215711_Piece_one_of_116_primary.jpg,0,3,1.33
215720_Piece_one_of_116_primary.jpg,0,3,1.34
215748_Piece_one_of_116_primary.jpg,0,0,1.33
215749_Piece_one_of_116_primary.jpg,0,1,1.32
215758_Piece_one_of_116_primary.jpg,0,0,1.31
215797_Piece_one_of_116_primary.jpg,0,1,1.39
215806_Piece_one_of_116_primary.jpg,0,0,1.33
215825_Piece_one_of_13_primary.jpg,0,4,1.35
215830_Piece_one_of_13_primary.jpg,0,5,1.37
215841_Piece_primary.jpg,0,7,1.36
215861_Piece_primary.jpg,0,0,1.38
215867_Piece_primary.jpg,0,3,1.31
215871_Piece_primary.jpg,0,1,1.34
215877_Piece_primary.jpg,0,2,1.32
215887_Piece_primary.jpg,0,4,1.36
215902_Piece_primary.jpg,1,9,1.31
215913_Piece_primary.jpg,1,9,1.34
215919_Piece_primary.jpg,0,4,1.32
215932_Piece_primary.jpg,1,9,1.34
215937_Pieces_4_primary.jpg,0,0,1.36
215956_Piece_primary.jpg,0,0,1.34
215961_Piece_primary.jpg,0,0,1.31
215967_Piece_primary.jpg,0,2,1.31
215988_Piece_primary.jpg,0,0,1.31
216004_Piece_primary.jpg,1,9,1.31
216014_Piece_primary.jpg,1,9,1.34
216017_Piece_primary.jpg,0,5,1.31
216018_Piece_primary.jpg,1,9,1.31
216024_Piece_primary.jpg,0,3,1.30
216042_Piece_primary.jpg,0,1,1.33
216044_Piece_primary.jpg,0,7,1.34
216046_Piece_primary.jpg,0,1,1.31
216064_Piece_primary.jpg,0,3,1.39
216068_Piece_primary.jpg,0,1,1.35
216091_Piece_primary.jpg,1,9,1.33
216096_Piece_primary.jpg,1,9,1.33
216103_Piece_primary.jpg,0,1,1.35
216106_Piece_primary.jpg,1,9,1.37
216120_Piece_primary.jpg,0,5,1.32
216156_Piece_primary.jpg,0,7,1.33
216174_Piece_primary.jpg,0,0,1.37
216185_Piece_primary.jpg,0,0,1.31
216197_Piece_primary.jpg,0,1,1.39
216206_Piece_primary.jpg,0,2,1.39
216218_Piece_primary.jpg,1,9,1.37
216226_Piece_primary.jpg,1,9,1.46
216248_Piece_primary.jpg,0,6,1.32
216260_Piece_primary.jpg,0,5,1.40
216270_Piece_primary.jpg,0,7,1.47
216279_Pieces_4_primary.jpg,0,7,1.44
216288_Piece_primary.jpg,0,1,1.48
216290_Piece_primary.jpg,0,0,1.31
216296_Dress_border_primary.jpg,0,0,1.42
216319_Cap_primary.jpg,1,9,1.34
216323_Fragment_primary.jpg,0,1,1.31
216387_Chalice_Veil_primary.jpg,1,9,1.33
216404_Fragment_primary.jpg,0,3,1.39
216406_Piece_primary.jpg,0,0,1.33
216442_Piece_primary.jpg,0,0,1.30
216443_Piece_primary.jpg,1,9,1.46
216464_Piece_primary.jpg,0,0,1.34
216466_Piece_primary.jpg,0,1,1.32
216473_Piece_primary.jpg,0,0,1.57
216494_Band_primary.jpg,0,1,1.42
216496_Band_primary.jpg,0,1,1.35
216503_Fragment_primary.jpg,0,0,1.39
216509_Fragment_primary.jpg,0,1,1.32
216513_Quilt_primary.jpg,0,3,1.57
216515_Piece_primary.jpg,0,1,1.40
216524_Piece_primary.jpg,0,0,1.37
216554_Piece_primary.jpg,0,0,1.44
216580_Band_primary.jpg,0,1,1.39
216595_St_Barbara_primary.jpg,0,4,1.33
216608_Fragment_primary.jpg,0,3,1.33
216626_Piece_primary.jpg,0,2,1.41
216638_Piece_primary.jpg,0,0,1.36
216649_Figured_silk_weave_primary.jpg,0,1,1.39
216724_Fragment_primary.jpg,0,1,1.45
216776_Band_primary.jpg,0,7,1.36
216794_Band_primary.jpg,0,0,1.34
216810_Fragment_primary.jpg,0,5,1.44
216822_Piece_primary.jpg,0,0,1.45
216853_Piece_primary.jpg,0,1,1.40
216888_Piece_primary.jpg,0,2,1.33
216922_Piece_primary.jpg,0,0,1.38
216926_Piece_primary.jpg,0,1,1.41
216936_Piece_primary.jpg,0,1,1.40
216965_Piece_primary.jpg,0,0,1.44
216976_Piece_primary.jpg,0,2,1.37
216977_Piece_primary.jpg,0,2,1.33
216983_Chalice_Veil_primary.jpg,0,0,1.37
217054_Piece_primary.jpg,0,0,1.40
217075_Piece_primary.jpg,0,1,1.40
217080_Piece_primary.jpg,0,0,1.39
217098_Piece_primary.jpg,0,2,1.37
217120_Fragment_primary.jpg,0,0,1.32
217140_Cover_primary.jpg,0,4,1.38
217142_Quilt_primary.jpg,0,1,1.32
217207_Piece_primary.jpg,0,1,1.43
217220_Panel_primary.jpg,0,3,1.41
217281_Piece_primary.jpg,0,3,1.37
217310_Piece_primary.jpg,0,3,1.40
217326_Fragment_primary.jpg,0,1,1.34
217329_Panel_primary.jpg,0,1,1.39
217332_Piece_primary.jpg,0,3,1.47
217349_Piece_primary.jpg,0,0,1.35
217378_Fragment_primary.jpg,0,0,1.32
217379_Piece_primary.jpg,0,1,1.51
217418_Piece_primary.jpg,1,9,1.36
217448_Piece_primary.jpg,0,0,1.40
217453_Piece_primary.jpg,0,6,1.39
217456_Piece_primary.jpg,0,0,1.37
217468_Piece_primary.jpg,1,9,1.34
217471_Piece_primary.jpg,0,0,1.34
217472_Piece_primary.jpg,1,9,1.35
217475_Piece_primary.jpg,0,1,1.36
217490_Piece_primary.jpg,0,3,1.38
217495_Piece_primary.jpg,0,3,1.35
217502_Piece_primary.jpg,1,9,1.32
217505_Piece_primary.jpg,0,0,1.32
217507_Piece_primary.jpg,0,3,1.32
217522_Piece_primary.jpg,1,9,1.36
217523_Piece_primary.jpg,0,0,1.35
217524_Piece_primary.jpg,0,1,1.36
217530_Piece_primary.jpg,0,0,1.33
217553_Piece_primary.jpg,0,1,1.35
217571_Piece_primary.jpg,0,2,1.31
217573_Piece_primary.jpg,0,1,1.36
217574_Piece_primary.jpg,0,0,1.32
217577_Piece_primary.jpg,0,3,1.32
217885_Sampler_primary.jpg,0,0,1.45
217892_Sampler_primary.jpg,0,4,1.35
217907_Graf_von_Moltke_Helmuth_Karl_Bernhard_18001891_primary.jpg,1,9,1.34
217921_Strip_primary.jpg,0,3,1.36
217922_Ornament_primary.jpg,0,0,1.42
218741_Lace_pattern_primary.jpg,1,9,1.36
218746_Sample_primary.jpg,0,2,1.32
219013_Sash_primary.jpg,0,0,1.35
219014_Sash_primary.jpg,0,0,1.38
219025_Sash_primary.jpg,0,0,1.35
219028_Sash_primary.jpg,0,1,1.33
219048_Fragment_primary.jpg,0,1,1.32
219098_Fragment_primary.jpg,0,0,1.30
219107_Fragment_primary.jpg,0,0,1.32
219141_Piece_primary.jpg,0,1,1.50
219147_Piece_primary.jpg,0,7,1.47
219157_Mans_handkerchief_primary.jpg,0,0,1.49
219371_Christ_Carrying_the_Cross_from_a_set_of_The_Passi_primary.jpg,0,7,1.34
219372_The_Elevation_of_the_Cross_from_a_set_of_The_Passi_primary.jpg,0,0,1.33
219388_Towel_primary.jpg,0,3,1.37
219398_Cabinet_top_primary.jpg,0,0,1.37
219436_Reticule_primary.jpg,0,0,1.45
219459_Sampler_primary.jpg,0,7,1.40
219517_Sampler_with_darning_and_lace_stitches_primary.jpg,0,1,1.39
219529_Pictorial_print_primary.jpg,0,3,1.35
219532_Scenes_from_Le_Solitaire_primary.jpg,0,3,1.34
219609_Piece_primary.jpg,0,0,1.41
219635_Piece_primary.jpg,0,0,1.40
219638_Piece_primary.jpg,0,0,1.41
219670_A_lady_in_a_garden_primary.jpg,0,0,1.48
219686_Part_of_a_border_primary.jpg,0,0,1.35
219692_Pillow_cover_primary.jpg,0,5,1.33
219716_Chasuble_back_primary.jpg,0,0,1.45
219717_Chasuble_front_primary.jpg,0,1,1.44
219741_Stag_Hunt_primary.jpg,0,0,1.39
219743_Piece_primary.jpg,0,2,1.41
219759_Carpet_fragment_primary.jpg,0,0,1.42
219777_Embroidered_picture_primary.jpg,1,9,1.49
219789_Piece_primary.jpg,0,0,1.38
219796_Piece_primary.jpg,0,0,1.39
219797_Piece_primary.jpg,0,4,1.38
219812_Apparel_primary.jpg,0,0,1.33
219836_Mitre_primary.jpg,0,2,1.37
219846_Part_of_a_dress_border_primary.jpg,0,0,1.35
219891_Altar_frontal_primary.jpg,0,4,1.35
219958_Piece_primary.jpg,0,3,1.40
219965_Piece_primary.jpg,0,4,1.40
219969_Dalmatic_primary.jpg,0,1,1.40
219984_Sample_primary.jpg,0,0,1.33
219985_Sample_primary.jpg,0,4,1.31
220000_Sample_primary.jpg,0,0,1.34
220081_Fragment_primary.jpg,0,1,1.32
220126_August_from_a_set_of_Medallion_Months_primary.jpg,0,0,1.53
220141_Piece_primary.jpg,0,4,1.42
220173_Piece_primary.jpg,0,0,1.42
220186_Piece_primary.jpg,0,1,1.40
220202_Fragment_primary.jpg,0,7,1.43
220245_Piece_primary.jpg,0,0,1.40
220260_Piece_primary.jpg,0,4,1.39
220278_Piece_primary.jpg,0,1,1.37
220323_Piece_primary.jpg,0,0,1.37
220332_Piece_primary.jpg,0,0,1.43
220372_Piece_primary.jpg,0,0,1.36
220382_Piece_primary.jpg,0,0,1.36
220394_Piece_primary.jpg,0,2,1.42
220428_Piece_primary.jpg,0,6,1.46
220437_Piece_primary.jpg,0,1,1.41
220439_Piece_primary.jpg,0,0,1.38
220441_Piece_primary.jpg,0,1,1.38
220447_Piece_primary.jpg,0,1,1.39
220467_Piece_primary.jpg,0,1,1.40
220511_Piece_primary.jpg,0,2,1.40
220529_Piece_primary.jpg,0,0,1.45
220535_Piece_primary.jpg,0,0,1.42
220539_Piece_primary.jpg,0,0,1.43
220546_Piece_primary.jpg,0,0,1.44
220604_Piece_primary.jpg,0,2,1.51
220675_Passementerie_primary.jpg,1,9,1.35
220783_Piece_primary.jpg,0,1,1.37
221194_Stylised_foliate_repeat_pattern_primary.jpg,0,5,1.44
221341_Cap_primary.jpg,0,5,1.37
221382_Band_primary.jpg,0,2,1.32
221400_Mat_primary.jpg,0,1,1.35
221446_Handkerchief_primary.jpg,0,2,1.32
221451_Cuff_primary.jpg,0,1,1.37
221462_Orphrey_primary.jpg,0,4,1.37
221509_Handkerchief_primary.jpg,1,9,1.38
221527_George_Washington_primary.jpg,0,0,1.42
221529_Penns_Treaty_with_the_Indians_primary.jpg,0,0,1.39
221583_Piece_primary.jpg,0,1,1.31
221592_Piece_primary.jpg,0,0,1.31
221639_Marie_Stuart_primary.jpg,0,3,1.34
221707_Pillow_cover_primary.jpg,0,0,1.33
221708_Curtain_primary.jpg,0,1,1.40
221710_Dress_border_primary.jpg,0,0,1.31
221717_Sleeve_primary.jpg,0,1,1.38
221722_Portion_of_a_dress_border_primary.jpg,0,0,1.32
221723_Portion_of_a_dress_border_primary.jpg,0,0,1.40
221726_Portion_of_a_dress_border_primary.jpg,0,0,1.40
221733_Strip_primary.jpg,0,2,1.38
221741_Border_primary.jpg,0,2,1.46
221783_Piece_primary.jpg,0,1,1.43
221813_Pillar_print_textile_primary.jpg,0,0,1.34
221853_Henri_IV_primary.jpg,0,0,1.31
221860_Piece_primary.jpg,0,1,1.37
221865_Fragment_primary.jpg,0,1,1.30
221871_Pictorial_print_primary.jpg,0,1,1.33
221909_Piece_primary.jpg,0,1,1.50
221912_Piece_primary.jpg,0,0,1.50
221915_Piece_primary.jpg,0,1,1.52
221923_Piece_primary.jpg,0,1,1.51
221942_Piece_primary.jpg,0,1,1.50
221948_Floral_print_primary.jpg,0,0,1.41
221953_Climbing_Roses_primary.jpg,0,5,1.36
221956_Fête_de_la_Fédération_primary.jpg,0,0,1.32
221962_Striped_print_primary.jpg,0,1,1.32
221968_Diane_chasseresse_primary.jpg,0,0,1.36
222013_Floral_print_primary.jpg,0,0,1.32
222090_Panurge_dans_lîle_des_lanternes_primary.jpg,0,0,1.37
222094_Holland_Park_carpet_primary.jpg,0,0,1.51
222131_Fragment_of_a_rug_or_hanging_primary.jpg,0,1,1.39
222171_Border_primary.jpg,0,1,1.40
222200_Piece_primary.jpg,0,3,1.50
222205_Piece_primary.jpg,0,2,1.51
222206_Les_Champs_Elysées_or_LEscamoteur_primary.jpg,0,1,1.33
222210_Floral_print_primary.jpg,0,2,1.30
222233_Cushion_primary.jpg,0,0,1.48
222234_Cushion_primary.jpg,0,0,1.48
222238_Book_cover_primary.jpg,0,6,1.42
222261_Band_primary.jpg,0,1,1.31
222300_Piece_primary.jpg,0,2,1.42
222307_Vertical_panel_primary.jpg,0,4,1.33
222318_Piece_primary.jpg,0,2,1.41
222329_Orphrey_one_of_a_pair_primary.jpg,0,1,1.30
222330_Orphrey_one_of_a_pair_primary.jpg,0,5,1.35
222359_Cover_primary.jpg,0,0,1.37
222376_Landscape_with_Birds_primary.jpg,0,0,1.42
222377_Piece_primary.jpg,0,4,1.38
222531_Joseph_Marie_Jacquard_primary.jpg,1,9,1.46
222543_Bed_hanging_primary.jpg,0,7,1.34
222562_Fragment_primary.jpg,1,9,1.31
222581_Cope_primary.jpg,0,7,1.39
222603_Apparel_primary.jpg,0,0,1.37
222609_One_strip_of_yellow_and_red_lampas_silk_originall_primary.jpg,0,0,1.39
222662_Border_primary.jpg,0,2,1.32
222876_Piece_primary.jpg,0,3,1.34
222909_Piece_primary.jpg,0,5,1.41
222953_Fantastical_birds_against_a_red_ground_primary.jpg,0,0,1.34
222980_Velvet_with_the_arms_of_Philip_II_of_Spain_primary.jpg,0,3,1.45
222983_Carpet_primary.jpg,0,4,1.36
222996_Piece_primary.jpg,0,3,1.42
223036_Sample_primary.jpg,0,0,1.34
223057_Dalmatic_primary.jpg,0,0,1.38
223065_Cushion_cover_primary.jpg,0,3,1.40
223066_Piece_primary.jpg,0,0,1.39
223103_Piece_primary.jpg,0,1,1.44
223108_Piece_primary.jpg,0,0,1.36
223116_Piece_primary.jpg,0,0,1.30
223120_Embroidery_sample_for_a_mans_suit_primary.jpg,0,3,1.47
223123_Embroidery_sample_for_a_mans_suit_primary.jpg,0,3,1.46
223168_Piece_primary.jpg,0,4,1.39
223169_Piece_primary.jpg,0,0,1.33
223174_Piece_primary.jpg,0,0,1.41
223179_Piece_primary.jpg,0,0,1.40
223181_Piece_primary.jpg,0,0,1.40
223192_Piece_primary.jpg,0,0,1.40
223194_Piece_primary.jpg,0,3,1.34
223202_Border_primary.jpg,0,1,1.38
223231_Piece_primary.jpg,0,1,1.44
223235_Border_primary.jpg,0,0,1.42
223237_Piece_primary.jpg,0,1,1.37
223251_Piece_primary.jpg,0,2,1.42
223253_Piece_primary.jpg,0,1,1.42
223259_Piece_primary.jpg,0,2,1.45
223264_Piece_primary.jpg,0,0,1.45
223275_Piece_primary.jpg,0,3,1.43
223280_Piece_primary.jpg,0,3,1.35
223283_Piece_primary.jpg,0,1,1.39
223291_Piece_primary.jpg,0,7,1.42
223331_Piece_primary.jpg,0,0,1.45
223334_Piece_primary.jpg,0,1,1.45
223352_Piece_primary.jpg,0,0,1.44
223360_Piece_primary.jpg,0,5,1.39
223361_Piece_primary.jpg,0,0,1.41
223367_Piece_primary.jpg,0,0,1.44
223369_Piece_primary.jpg,0,0,1.43
223374_Piece_primary.jpg,0,1,1.41
223378_Piece_primary.jpg,0,0,1.43
223387_Piece_primary.jpg,0,1,1.46
223393_Piece_primary.jpg,0,2,1.36
223404_Piece_primary.jpg,0,0,1.45
223477_Piece_primary.jpg,0,4,1.46
223481_Piece_primary.jpg,0,0,1.41
223487_Piece_primary.jpg,0,1,1.43
223495_Piece_primary.jpg,0,3,1.44
223500_Piece_primary.jpg,0,5,1.43
223519_Piece_primary.jpg,0,2,1.44
223524_Piece_primary.jpg,0,3,1.40
223544_Piece_primary.jpg,0,2,1.35
223547_Piece_primary.jpg,0,1,1.46
223577_Piece_primary.jpg,0,5,1.38
223593_Piece_primary.jpg,0,1,1.40
223614_Piece_primary.jpg,0,0,1.41
223616_Piece_primary.jpg,0,1,1.43
223622_Piece_primary.jpg,0,1,1.39
223629_Piece_primary.jpg,0,1,1.36
223635_Border_primary.jpg,1,9,1.30
223648_Piece_primary.jpg,0,1,1.44
223652_Piece_primary.jpg,0,0,1.40
223654_Piece_primary.jpg,0,4,1.46
223656_Piece_primary.jpg,0,4,1.46
223662_Piece_primary.jpg,0,1,1.42
223675_Piece_primary.jpg,0,0,1.42
223699_Piece_primary.jpg,0,1,1.39
223702_Piece_primary.jpg,0,1,1.40
223709_Piece_primary.jpg,0,6,1.43
223714_Piece_primary.jpg,0,0,1.43
223716_Piece_primary.jpg,0,2,1.43
223733_Piece_primary.jpg,0,0,1.34
223736_Piece_primary.jpg,0,2,1.30
223738_Piece_primary.jpg,1,9,1.40
223757_Piece_primary.jpg,0,4,1.43
223765_Piece_primary.jpg,0,3,1.39
223782_Piece_primary.jpg,0,0,1.35
223786_Fragments_3_primary.jpg,0,3,1.44
223797_Piece_primary.jpg,0,3,1.33
223803_Piece_primary.jpg,0,2,1.33
223806_Piece_primary.jpg,0,1,1.33
223813_Piece_primary.jpg,0,3,1.31
223820_Piece_primary.jpg,0,0,1.30
223822_Piece_primary.jpg,0,1,1.30
223825_Piece_primary.jpg,0,0,1.36
223839_Piece_primary.jpg,0,2,1.33
223844_Piece_primary.jpg,0,1,1.31
223867_Piece_primary.jpg,0,0,1.36
223871_Piece_primary.jpg,0,1,1.32
223880_Piece_primary.jpg,0,0,1.30
223889_Piece_primary.jpg,0,0,1.31
223890_Piece_primary.jpg,0,0,1.31
223894_Piece_primary.jpg,0,4,1.34
223895_Piece_primary.jpg,0,0,1.31
223905_Piece_primary.jpg,0,0,1.29
223906_Piece_primary.jpg,0,2,1.31
223931_Piece_primary.jpg,0,0,1.52
223954_Piece_primary.jpg,0,3,1.33
223955_Piece_primary.jpg,0,1,1.30
223959_Piece_primary.jpg,0,3,1.30
223960_Piece_primary.jpg,0,4,1.34
223965_Piece_primary.jpg,0,5,1.30
223981_Fragment_of_a_sampler_primary.jpg,0,0,1.31
224002_Piece_primary.jpg,0,2,1.40
224018_Piece_primary.jpg,0,0,1.46
224050_Sample_primary.jpg,0,5,1.41
224055_Sample_primary.jpg,0,0,1.39
224127_Border_primary.jpg,0,1,1.40
224144_Piece_primary.jpg,0,0,1.34
224148_Piece_primary.jpg,0,0,1.44
224161_Piece_primary.jpg,0,0,1.46
224172_Piece_primary.jpg,0,2,1.40
224176_Piece_primary.jpg,0,3,1.43
224182_Piece_primary.jpg,0,3,1.39
224202_Sample_primary.jpg,0,0,1.32
224220_Sample_primary.jpg,0,7,1.35
224236_Piece_primary.jpg,0,1,1.34
224237_Piece_primary.jpg,0,2,1.31
224244_Piece_primary.jpg,0,0,1.40
224263_Piece_primary.jpg,0,0,1.40
224280_Piece_primary.jpg,0,0,1.41
224281_Piece_primary.jpg,0,0,1.45
224284_Piece_primary.jpg,0,0,1.42
224289_Piece_primary.jpg,0,0,1.30
224323_Piece_primary.jpg,0,1,1.42
224338_Piece_primary.jpg,0,1,1.43
224343_Piece_primary.jpg,0,2,1.44
224360_Piece_primary.jpg,0,0,1.46
224385_Piece_primary.jpg,0,1,1.37
224388_Piece_primary.jpg,0,1,1.42
224406_Piece_primary.jpg,0,0,1.51
224427_Piece_primary.jpg,0,6,1.37
224497_Piece_primary.jpg,0,0,1.44
224507_Piece_primary.jpg,0,1,1.44
224510_Piece_primary.jpg,0,0,1.53
224514_Piece_primary.jpg,0,3,1.44
224517_Piece_primary.jpg,0,5,1.46
224529_Piece_primary.jpg,0,0,1.41
224543_Piece_primary.jpg,0,2,1.43
224658_Embroidery_sample_for_a_mans_suit_primary.jpg,0,0,1.33
224659_Sample_primary.jpg,0,3,1.31
224670_Embroidery_sample_for_a_mans_suit_primary.jpg,0,0,1.33
224683_Embroidery_sample_for_a_mans_suit_or_waistcoat_primary.jpg,0,0,1.33
224685_Sample_primary.jpg,0,1,1.33
224691_Sample_primary.jpg,0,4,1.31
224701_Sample_primary.jpg,1,9,1.29
224741_Sample_primary.jpg,0,5,1.30
224748_Sample_primary.jpg,0,1,1.35
224754_Sample_primary.jpg,0,7,1.31
224757_Sample_primary.jpg,1,9,1.33
224769_Embroidery_sample_for_a_mans_suit_primary.jpg,0,0,1.33
224772_Sample_primary.jpg,0,0,1.32
224777_Embroidery_sample_for_a_mans_suit_primary.jpg,0,1,1.33
224780_Sample_primary.jpg,0,0,1.31
224784_Embroidery_sample_for_a_mans_suit_primary.jpg,0,0,1.32
224787_Embroidery_sample_for_a_mans_suit_or_waistcoat_primary.jpg,0,0,1.37
224793_Sample_primary.jpg,1,9,1.31
224805_Sample_primary.jpg,0,3,1.32
224819_Sample_primary.jpg,0,2,1.31
224851_Sample_primary.jpg,0,0,1.29
224854_Sample_primary.jpg,0,0,1.31
225289_Piece_primary.jpg,0,0,1.32
225403_Border_primary.jpg,0,0,1.30
225849_Piece_primary.jpg,0,1,1.31
225857_Piece_primary.jpg,0,0,1.31
225875_Piece_primary.jpg,0,0,1.29
225904_Piece_primary.jpg,0,0,1.35
225908_Piece_primary.jpg,0,7,1.31
225929_Piece_primary.jpg,0,7,1.32
225972_Piece_primary.jpg,0,0,1.36
225992_Piece_primary.jpg,0,3,1.31
226015_Piece_primary.jpg,0,0,1.30
226196_Hanging_primary.jpg,0,4,1.35
226199_Picture_with_stumpwork_embroidery_primary.jpg,1,9,1.47
226202_Cover_primary.jpg,0,1,1.34
226208_Piece_primary.jpg,0,0,1.38
226216_Piece_primary.jpg,0,1,1.52
226233_Piece_primary.jpg,1,9,1.55
226234_Piece_primary.jpg,0,3,1.35
226241_Piece_primary.jpg,0,0,1.36
226357_Piece_primary.jpg,0,1,1.46
226376_Border_primary.jpg,0,2,1.32
226420_Sample_book_primary.jpg,0,3,1.38
226453_Piece_primary.jpg,0,3,1.39
226456_Length_of_wool_damask_primary.jpg,0,0,1.44
226483_Dress_border_primary.jpg,0,1,1.30
226489_Dress_border_primary.jpg,0,0,1.31
226493_Piece_primary.jpg,0,3,1.35
226495_Altar_frontal_primary.jpg,0,0,1.37
226517_Piece_primary.jpg,0,0,1.44
226535_Sampler_primary.jpg,0,0,1.57
226537_Sampler_primary.jpg,0,0,1.56
226539_Embroidered_map_sampler_primary.jpg,1,9,1.56
226572_Runner_primary.jpg,0,7,1.44
226600_Abraham_Entertaining_the_Angels_from_the_Story_of_primary.jpg,1,9,1.52
226639_Handkerchief_primary.jpg,0,0,1.33
226654_Handkerchief_primary.jpg,1,9,1.36
226669_Piece_primary.jpg,0,1,1.40
226700_Piece_primary.jpg,0,1,1.45
226713_Lengths_of_velvet_primary.jpg,0,2,1.33
226753_Piece_primary.jpg,0,1,1.39
226811_Judith_with_the_Head_of_Holofernes_and_Her_Maid_primary.jpg,0,1,1.49
226812_Piece_primary.jpg,0,0,1.40
226956_The_Garden_of_False_Learning_from_The_Table_of_Ceb_primary.jpg,1,9,1.41
226983_Pair_of_chair_backs_primary.jpg,1,9,1.57
227026_November_from_a_set_of_The_Months_of_Lucas_primary.jpg,0,0,1.48
227068_Cover_primary.jpg,0,0,1.35
227115_Handkerchief_primary.jpg,1,9,1.38
227132_Piece_primary.jpg,0,2,1.42
227135_Red_Silk_Velvet_primary.jpg,0,1,1.32
227153_Letter_case_primary.jpg,0,0,1.33
227171_Part_of_an_orphrey_primary.jpg,0,2,1.31
227178_Piece_primary.jpg,0,0,1.35
227187_Hood_for_a_cope_primary.jpg,0,1,1.39
227189_Piece_primary.jpg,0,0,1.35
227204_Piece_primary.jpg,0,0,1.33
227214_Piece_primary.jpg,1,9,1.41
227229_Piece_primary.jpg,0,2,1.38
227233_Piece_primary.jpg,0,1,1.54
227251_Panel_for_a_dress_primary.jpg,0,0,1.40
227302_Piece_primary.jpg,0,0,1.43
227309_Panel_with_mythological_scenes_primary.jpg,0,0,1.41
227428_Handkerchief_primary.jpg,0,2,1.32
227429_Handkerchief_primary.jpg,1,9,1.34
227457_Piece_primary.jpg,0,0,1.47
227482_Les_Perdrix_The_Partridges_primary.jpg,1,9,1.30
227503_The_Annunciation_Adoration_of_the_Shepherds_and_primary.jpg,0,0,1.37
227507_Piece_primary.jpg,0,1,1.32
227521_Solomon_and_the_Queen_of_Sheba_primary.jpg,0,7,1.42
227522_The_Offering_to_Pan_from_a_set_of_the_Berain_Grote_primary.jpg,0,0,1.53
227536_Curtain_primary.jpg,0,0,1.42
227555_Piece_primary.jpg,0,1,1.36
227556_Piece_primary.jpg,0,0,1.37
227558_Piece_primary.jpg,0,1,1.32
227559_Cope_primary.jpg,0,0,1.44
227563_Cover_primary.jpg,0,0,1.39
227567_Dalmatic_primary.jpg,0,0,1.39
227578_Mitre_primary.jpg,1,9,1.40
227583_Scenes_from_the_Story_of_David_primary.jpg,0,0,1.41
227592_Skirt_panel_primary.jpg,0,0,1.33
227727_Hannah_and_the_Infant_Samuel_primary.jpg,0,3,1.41
227730_Seated_Woman_primary.jpg,0,0,1.33
227731_Woman_with_a_Mirror_primary.jpg,0,4,1.33
227748_Valance_primary.jpg,0,5,1.35
227754_Chair_seat_and_back_primary.jpg,0,0,1.32
227776_Piece_primary.jpg,0,2,1.30
227811_Altar_frontal_primary.jpg,0,5,1.41
227821_Piece_primary.jpg,1,9,1.44
227826_Piece_primary.jpg,0,3,1.42
227831_Piece_primary.jpg,0,0,1.37
227832_Panel_primary.jpg,0,0,1.38
227841_Piece_primary.jpg,0,0,1.43
227844_Piece_primary.jpg,0,3,1.38
227848_Piece_primary.jpg,0,0,1.35
227864_Piece_primary.jpg,0,0,1.33
227881_Piece_primary.jpg,0,0,1.43
227892_Table_carpet_primary.jpg,0,0,1.42
227937_Embroidered_sampler_primary.jpg,0,0,1.45
227943_Sampler_primary.jpg,0,1,1.34
227950_Sampler_primary.jpg,0,0,1.37
227952_Sampler_primary.jpg,0,0,1.38
227954_Sampler_primary.jpg,0,3,1.36
227973_Sampler_primary.jpg,0,2,1.42
227984_Sampler_primary.jpg,0,1,1.32
227990_Sampler_primary.jpg,0,0,1.31
227998_Sampler_primary.jpg,0,1,1.41
228020_Sampler_primary.jpg,0,0,1.33
228073_Embroidered_darning_sampler_primary.jpg,0,0,1.42
228080_Embroidered_darning_sampler_primary.jpg,0,2,1.40
228086_Embroidered_darning_sampler_primary.jpg,0,1,1.38
228088_Embroidered_darning_sampler_primary.jpg,0,5,1.37
228094_Embroidered_darning_sampler_primary.jpg,0,0,1.40
228117_Sampler_primary.jpg,0,0,1.41
228123_Sampler_primary.jpg,0,0,1.39
228128_Sampler_primary.jpg,0,1,1.40
228142_Sampler_primary.jpg,0,0,1.40
228148_Sampler_primary.jpg,0,0,1.38
228181_Sampler_primary.jpg,0,0,1.32
228187_Sampler_primary.jpg,0,0,1.36
228204_Sampler_primary.jpg,0,1,1.32
228258_Sampler_primary.jpg,0,0,1.61
228279_Sampler_primary.jpg,0,1,1.53
228287_Embroidered_spot_sampler_primary.jpg,0,0,1.51
228295_Embroidered_whitework_sampler_primary.jpg,1,9,1.46
228308_Sampler_primary.jpg,0,0,1.45
228319_Sampler_primary.jpg,0,1,1.44
228340_Sampler_primary.jpg,0,0,1.37
228344_Sampler_primary.jpg,0,0,1.35
228361_Sampler_primary.jpg,0,1,1.37
228362_Sampler_primary.jpg,0,0,1.39
228370_Sampler_primary.jpg,0,3,1.32
228374_Sampler_primary.jpg,0,0,1.32
228401_Sampler_primary.jpg,0,0,1.45
228405_Sampler_primary.jpg,0,0,1.43
228415_Sampler_primary.jpg,0,1,1.33
228429_Sampler_primary.jpg,0,1,1.36
228434_Sampler_primary.jpg,0,2,1.42
228435_Sampler_primary.jpg,0,0,1.41
228436_Sampler_primary.jpg,0,1,1.31
228453_Sampler_primary.jpg,0,0,1.38
228457_Sampler_primary.jpg,1,9,1.50
228490_Sampler_primary.jpg,0,1,1.52
228497_Sampler_primary.jpg,0,1,1.40
228513_Sampler_primary.jpg,0,0,1.45
228529_Embroidered_darning_sampler_primary.jpg,0,7,1.37
228545_Sampler_primary.jpg,0,0,1.34
228546_Sampler_primary.jpg,0,0,1.45
228548_Sampler_primary.jpg,0,0,1.34
228579_Sampler_primary.jpg,0,0,1.34
228588_Sampler_primary.jpg,0,5,1.32
228678_Sampler_primary.jpg,0,0,1.36
228688_Sampler_primary.jpg,0,0,1.40
228694_Sampler_primary.jpg,0,0,1.34
228724_Panel_primary.jpg,0,0,1.38
228750_Panel_primary.jpg,0,0,1.42
228759_Piece_primary.jpg,0,1,1.45
228799_Saccos_primary.jpg,0,2,1.43
228826_Piece_primary.jpg,0,0,1.39
228836_Piece_primary.jpg,0,1,1.35
228840_Coat_of_arms_primary.jpg,0,0,1.40
228845_Chasuble_primary.jpg,0,0,1.48
228872_Event_handkerchief_primary.jpg,0,0,1.49
228873_Panel_primary.jpg,0,2,1.44
228874_Piece_primary.jpg,0,1,1.44
228937_Piece_primary.jpg,0,0,1.48
228948_Forehead_cloth_primary.jpg,0,0,1.33
228961_Coif_primary.jpg,0,0,1.36
228989_Picture_primary.jpg,0,0,1.55
229005_Panel_with_Biblical_vignettes_primary.jpg,0,0,1.50
229008_The_Meeting_of_King_Solomon_and_the_Queen_of_Sheba_primary.jpg,0,1,1.50
229013_Embroidered_picture_primary.jpg,0,3,1.47
229017_Susannah_and_the_Elders_primary.jpg,0,0,1.51
229025_Labors_of_the_Months_primary.jpg,0,0,1.52
229042_Cushion_primary.jpg,0,0,1.53
229043_Purse_primary.jpg,0,0,1.40
229065_Panel_with_the_story_of_King_Solomon_primary.jpg,0,0,1.33
229067_Embroidered_panel_with_chinoiserie_scenes_primary.jpg,0,2,1.35
229100_The_Parrot_from_a_set_of_the_Italian_Village_Scene_primary.jpg,0,0,1.38
229120_Piece_primary.jpg,0,0,1.39
229158_Antependium_primary.jpg,0,1,1.41
229163_Piece_primary.jpg,0,0,1.34
229166_Cope_primary.jpg,0,1,1.39
229196_Work_book_swatches_and_drafts_primary.jpg,0,1,1.38
229234_Piece_primary.jpg,0,1,1.47
229277_Piece_primary.jpg,0,0,1.49
229280_Tea_cozy_primary.jpg,1,9,1.38
229285_The_Wayfarer_Crowned_by_Happiness_from_The_Table_o_primary.jpg,0,0,1.58
229295_Napkin_primary.jpg,0,0,1.41
229297_Panel_primary.jpg,0,6,1.38
229317_Piece_primary.jpg,0,0,1.49
229368_Piece_primary.jpg,0,1,1.31
229375_Piece_primary.jpg,1,9,1.51
229397_Altar_frontal_primary.jpg,0,0,1.42
229400_Chasuble_primary.jpg,0,2,1.41
229412_Hanging_primary.jpg,0,0,1.31
229418_Pillow_sham_primary.jpg,0,1,1.38
229424_Pillowcase_primary.jpg,1,9,1.47
229450_Sampler_primary.jpg,0,0,1.44
229459_Bookmark_primary.jpg,0,1,1.37
229465_Coverlet_Colcha_primary.jpg,0,7,1.40
229474_Piece_primary.jpg,1,9,1.33
229482_Table_runner_primary.jpg,0,0,1.31
229495_La_Foire_du_Caire_The_Cairo_Fair_primary.jpg,0,1,1.38
229498_Les_Tuileries_primary.jpg,0,0,1.47
229504_Length_primary.jpg,0,3,1.45
229518_Length_primary.jpg,0,4,1.38
229535_Piece_primary.jpg,0,1,1.41
229551_Pillow_sham_primary.jpg,0,0,1.32
229571_Length_of_upholstery_silk_primary.jpg,0,3,1.34
229586_Asia_from_a_set_of_The_Four_Continents_primary.jpg,0,0,1.49
229702_Piece_primary.jpg,1,9,1.37
229762_Rachel_Giving_Bilhah_to_Jacob_from_The_Story_of_Ja_primary.jpg,1,9,1.31
229765_Jacob_Sacrificing_After_Making_a_Covenant_with_Lab_primary.jpg,0,1,1.33
229874_Sir_Walter_Scott_at_Abbotsford_primary.jpg,0,0,1.37
229930_Quilt_primary.jpg,0,2,1.37
229932_Chalice_Veil_primary.jpg,0,1,1.33
229993_Petticoat_panel_primary.jpg,0,0,1.34
230042_Fragment_primary.jpg,0,2,1.32
230048_Fragment_primary.jpg,0,3,1.34
230103_Fragment_primary.jpg,0,0,1.37
230111_Fragment_primary.jpg,0,0,1.34
230129_Fragment_primary.jpg,0,0,1.31
230161_Fragment_primary.jpg,0,1,1.35
230165_Fragment_primary.jpg,0,0,1.31
230173_Fragment_primary.jpg,0,4,1.35
230194_Fragment_primary.jpg,0,1,1.34
230199_Fragment_primary.jpg,0,0,1.35
230213_Fragment_primary.jpg,0,1,1.37
230216_Fragment_primary.jpg,0,0,1.31
230228_Fragment_primary.jpg,0,0,1.35
230230_Fragment_primary.jpg,0,0,1.40
230231_Fragment_primary.jpg,0,0,1.36
230241_Fragment_primary.jpg,0,0,1.37
230257_Fragment_primary.jpg,0,0,1.31
230271_Fragment_primary.jpg,0,3,1.35
230275_Fragment_primary.jpg,1,9,1.37
230293_Fragment_primary.jpg,0,0,1.32
230301_Fragment_primary.jpg,0,2,1.36
230311_Fragment_primary.jpg,0,2,1.38
230340_Fragment_primary.jpg,0,2,1.33
230348_Fragment_primary.jpg,0,0,1.35
230351_Fragment_primary.jpg,1,9,1.34
230359_Fragment_primary.jpg,0,1,1.36
230366_Fragment_primary.jpg,0,4,1.34
230375_Fragment_primary.jpg,0,3,1.39
230388_Fragment_primary.jpg,0,2,1.33
230392_Fragment_primary.jpg,0,0,1.32
230408_Fragment_primary.jpg,0,3,1.34
230415_Fragment_primary.jpg,1,9,1.37
230416_Fragment_primary.jpg,0,1,1.33
230430_Fragment_primary.jpg,0,0,1.34
230434_Fragment_primary.jpg,0,0,1.30
230446_Fragment_primary.jpg,0,0,1.33
230451_Fragment_of_stamped_velvet_primary.jpg,0,0,1.33
230452_Fragment_primary.jpg,1,9,1.37
230459_Fragment_primary.jpg,0,0,1.35
230463_Fragment_primary.jpg,0,0,1.33
230464_Fragment_primary.jpg,0,0,1.33
230466_Fragment_primary.jpg,0,0,1.29
230485_Fragment_primary.jpg,0,0,1.34
230488_Fragment_primary.jpg,1,9,1.33
230489_Fragment_primary.jpg,0,0,1.35
230491_Fragment_primary.jpg,0,0,1.46
230513_Fragment_primary.jpg,0,5,1.50
230524_Fragment_primary.jpg,0,3,1.33
230525_Fragment_primary.jpg,0,5,1.35
230527_Fragment_primary.jpg,1,9,1.32
230544_Fragment_primary.jpg,1,9,1.32
230554_Fragment_of_velvet_primary.jpg,0,6,1.33
230559_Fragment_primary.jpg,0,1,1.31
230567_Fragment_primary.jpg,0,1,1.37
230569_Fragment_primary.jpg,0,1,1.40
230575_Fragment_primary.jpg,0,2,1.34
230576_Fragment_primary.jpg,0,4,1.32
230582_Fragment_primary.jpg,0,5,1.41
230593_Fragment_primary.jpg,0,0,1.35
230600_Fragment_primary.jpg,0,1,1.40
230637_Fragment_primary.jpg,0,2,1.38
230641_Fragment_primary.jpg,0,3,1.33
230675_Fragment_primary.jpg,0,1,1.32
230681_Fragment_with_Sempervivum_tectorum_motif_primary.jpg,0,4,1.42
230683_Rocaille_cartouches_with_flowers_primary.jpg,0,0,1.38
230688_Rocaille_cartouche_with_flowers_primary.jpg,1,9,1.33
230834_Tablecloth_primary.jpg,1,9,1.46
230849_Piece_primary.jpg,0,2,1.37
230871_Part_of_a_coverlet_border_primary.jpg,0,0,1.34
230872_Panel_primary.jpg,0,1,1.33
230884_Breadth_primary.jpg,0,1,1.43
230896_Panel_primary.jpg,0,0,1.43
230897_Piece_primary.jpg,0,1,1.39
230907_Breadth_primary.jpg,0,0,1.42
230919_Piece_primary.jpg,1,9,1.33
230977_The_Gathering_of_Manna_primary.jpg,0,0,1.54
231144_Panel_primary.jpg,0,1,1.38
231243_Length_of_cotton_chintz_primary.jpg,0,1,1.37
236789_Ballroom_scene_primary.jpg,1,9,1.34
236963_Handkerchief_primary.jpg,0,0,1.52
238683_Panel_for_a_skirt_or_petticoat_primary.jpg,0,2,1.37
239371_Fragment_primary.jpg,0,1,1.33
239378_Fragments_primary.jpg,0,0,1.37
239383_Fragments_primary.jpg,0,0,1.35
307471_Border_Fragment_primary.jpg,0,4,1.34
307684_Tapestry_Fragment_primary.jpg,0,0,1.41
307816_Tapestry_Fragment_primary.jpg,0,2,1.32
307825_Wearing_Blanket_primary.jpg,0,0,1.44
307827_Wearing_Blanket_primary.jpg,0,1,1.36
307833_Serape_primary.jpg,1,9,1.43
307852_Embroidered_Mantle_Fragment_primary.jpg,0,0,1.36
307853_Embroidered_Fragment_primary.jpg,0,0,1.34
307855_Embroidered_Mantle_Fragment_primary.jpg,0,0,1.35
307922_Tapestry_Fragment_with_Plumed_Figure_primary.jpg,0,1,1.41
307941_Bag_Tassel_primary.jpg,0,1,1.36
307945_Band_Fragments_primary.jpg,0,2,1.45
307953_Fragmentary_Band_primary.jpg,0,0,1.36
307956_Band_Fragment_primary.jpg,0,7,1.38
307957_Sash_or_Headband_primary.jpg,0,1,1.31
307963_Bag_primary.jpg,1,9,1.34
307995_Panel_primary.jpg,0,2,1.37
308028_Bag_primary.jpg,0,3,1.33
308030_Tunic_Fragment_primary.jpg,0,0,1.40
308042_Embroidered_Border_Fragment_primary.jpg,1,9,1.41
308049_Embroidered_Border_Fragment_primary.jpg,0,2,1.31
308050_Embroidered_Border_Fragment_primary.jpg,0,4,1.31
308079_Tapestry_Panel_with_Stars_primary.jpg,0,1,1.37
308118_Tapestry_Border_Fragment_primary.jpg,0,0,1.32
308771_Plain_Panel_with_Sewn_Silverfish_and_Danglers_primary.jpg,0,0,1.41
309530_Womans_Skirt_primary.jpg,0,0,1.34
309546_Headcloth_primary.jpg,0,3,1.37
310422_Barkcloth_Fragment_Kapa_primary.jpg,0,1,1.42
310511_Mantle_Fragment_primary.jpg,0,3,1.32
310696_Openwork_Headband_primary.jpg,0,5,1.41
312167_Bag_primary.jpg,1,9,1.37
312616_Tunic_Fragment_primary.jpg,0,3,1.45
312791_Turban_primary.jpg,1,9,1.44
312840_Miniature_Feathered_Dress_primary.jpg,0,3,1.35
312850_Miniature_Dress_primary.jpg,0,2,1.39
312851_Miniature_Dress_primary.jpg,0,1,1.39
312855_Miniature_Tunic_primary.jpg,0,0,1.31
313153_Tunic_with_Felines_primary.jpg,1,9,1.47
313318_Wearing_Blanket_primary.jpg,0,7,1.36
314363_Tunic_primary.jpg,1,9,1.53
314622_Four-Cornered_Hat_primary.jpg,0,3,1.54
314686_Fragment_primary.jpg,0,0,1.36
315790_Tapestry_Panel_primary.jpg,0,1,1.35
316906_Tunic_Fragment_primary.jpg,0,4,1.34
316915_Sash_Fragments_primary.jpg,0,0,1.35
316930_Sling_primary.jpg,1,9,1.36
316935_Headband_primary.jpg,0,4,1.34
316938_Serpent_ornament_primary.jpg,1,9,1.43
316945_Border_Fragment_primary.jpg,0,0,1.37
316946_Embroidered_Border_Fragment_primary.jpg,0,0,1.35
316951_Mitre_Shaped_Cap_primary.jpg,1,9,1.36
316968_Four-Cornered_Hat_primary.jpg,0,0,1.49
317736_Womans_Dress_primary.jpg,0,0,1.52
319252_Tunic_primary.jpg,1,9,1.35
319523_Tunic_Panel_primary.jpg,0,1,1.35
325989_Textile_fragment_primary.jpg,0,1,1.36
327582_Collar_trim_of_a_garment_primary.jpg,1,9,1.36
327590_Garment_fragment_primary.jpg,0,1,1.31
327825_Textile_fragment_with_ducks_in_roundel_primary.jpg,1,9,1.37
329977_Fragment_of_a_Woman_primary.jpg,0,0,1.56
329979_Fragment_with_Two_figures_primary.jpg,0,1,1.40
329980_Portrait_of_a_Lady_primary.jpg,0,0,1.32
39740_Textile_with_Coiled_Dragons_primary.jpg,0,7,1.35
39829_Cloth_of_Gold_and_Associated_Border_Fragments_primary.jpg,1,9,1.34
39923_Sutra_Cover_with_Lotus_Scroll_primary.jpg,0,7,1.33
42123_Back_and_Sleeve_of_a_Dragon_Robe_primary.jpg,0,0,1.33
42748_Carpet_primary.jpg,0,0,1.46
437845_The_Triumph_of_Mordecai_primary.jpg,1,9,1.40
44079_Medallion_with_two_peacocks_primary.jpg,0,0,1.47
44094_Sutra_Cover_with_Stylized_Leaf_Sprays_and_Auspicio_primary.jpg,0,1,1.36
44111_Velvet_Textile_for_a_Dragon_Robe_primary.jpg,0,0,1.43
442972_Textile_Fragment_primary.jpg,0,0,1.36
443014_Towel_End_primary.jpg,0,0,1.36
443024_Textile_Fragment_primary.jpg,0,0,1.39
443036_Textile_Fragment_primary.jpg,0,1,1.36
443042_Towel_End_primary.jpg,0,2,1.34
443052_Textile_Fragment_primary.jpg,0,1,1.36
443064_Towel_End_primary.jpg,0,0,1.35
443067_Cover_primary.jpg,0,1,1.35
443080_Cover_primary.jpg,0,0,1.32
443083_Cover_primary.jpg,0,1,1.35
443212_Textile_Fragment_primary.jpg,1,9,1.43
443217_Textile_Fragment_primary.jpg,0,0,1.34
443231_Textile_Fragment_primary.jpg,0,3,1.50
443247_Textile_Fragment_primary.jpg,1,9,1.33
443280_Textile_Fragment_primary.jpg,0,2,1.48
443285_Textile_Fragment_primary.jpg,0,0,1.47
443294_Textile_Fragment_primary.jpg,0,1,1.42
443295_Textile_Fragment_primary.jpg,0,7,1.43
443300_Coptic_Textile_Fragment_primary.jpg,0,5,1.34
443314_Textile_Fragment_primary.jpg,1,9,1.42
443327_Textile_Fragment_primary.jpg,0,3,1.32
443345_Textile_Fragment_primary.jpg,1,9,1.37
443363_Fragment_of_a_Tunic_primary.jpg,1,9,1.45
443403_Tunic_Fragment_with_Lions_and_Putti_primary.jpg,0,2,1.35
443416_Orbiculus_Roundel_with_Grapevine_Inhabited_by_Tw_primary.jpg,0,0,1.38
443419_Textile_Fragment_primary.jpg,0,0,1.38
443424_Textile_Fragment_primary.jpg,1,9,1.44
443429_Textile_Fragment_primary.jpg,0,0,1.40
443434_Textile_Fragment_primary.jpg,1,9,1.36
443449_Fragment_with_the_Triumph_of_Dionysos_and_the_Labo_primary.jpg,1,9,1.33
443473_Textile_Fragment_primary.jpg,0,3,1.35
443482_Textile_Fragment_primary.jpg,0,3,1.43
443484_Textile_Fragment_primary.jpg,0,0,1.40
443489_Textile_Fragment_primary.jpg,0,3,1.43
443496_Textile_Fragment_primary.jpg,0,5,1.38
443510_Textile_Fragment_primary.jpg,0,1,1.38
443511_Textile_Fragment_primary.jpg,0,7,1.33
443512_Textile_Fragment_primary.jpg,0,0,1.42
443521_Band_with_Cross_and_Short-legged_Aquatic_Birds_primary.jpg,0,0,1.34
443522_Textile_Fragment_primary.jpg,0,3,1.38
443528_Textile_Fragment_primary.jpg,1,9,1.31
443534_Textile_Fragment_primary.jpg,0,1,1.43
443565_Textile_Fragment_primary.jpg,0,3,1.34
443580_Textile_Fragment_primary.jpg,0,2,1.44
443598_Childs_Tunic_primary.jpg,1,9,1.49
443605_Textile_Fragment_primary.jpg,0,0,1.40
443609_Textile_Fragment_primary.jpg,0,2,1.36
443611_Hat_primary.jpg,0,1,1.33
443612_Hat_primary.jpg,0,1,1.34
443643_Fragment_with_Two_Birds_primary.jpg,1,9,1.43
443652_Textile_Fragment_primary.jpg,0,0,1.42
443676_Textile_Fragment_primary.jpg,0,0,1.33
443682_Textile_Fragment_primary.jpg,0,0,1.43
443687_Textile_Fragment_primary.jpg,0,2,1.32
443695_Textile_Fragment_primary.jpg,0,0,1.37
443704_Fragment_of_a_Shoulder_Band_primary.jpg,0,0,1.33
443705_Textile_Fragment_primary.jpg,1,9,1.35
443719_Textile_Fragment_primary.jpg,0,0,1.33
443740_Textile_Fragment_primary.jpg,0,2,1.42
443749_Fragment_of_a_Tunic_primary.jpg,0,3,1.43
443759_Sleeve_Fragment_with_Floral_Motives_primary.jpg,0,0,1.36
443763_Textile_Fragment_primary.jpg,0,1,1.41
443807_Textile_Fragment_primary.jpg,0,2,1.41
443812_Fragment_of_a_Sleeve_primary.jpg,0,7,1.31
443816_Textile_Fragment_primary.jpg,0,1,1.38
443823_Fragment_of_a_Shoulder_Band_primary.jpg,0,0,1.44
443845_Fragment_of_a_Tunic_primary.jpg,0,0,1.38
443857_Textile_Fragment_primary.jpg,0,4,1.30
443867_Fragment_of_a_Sleeve_primary.jpg,1,9,1.32
443890_Textile_Fragment_primary.jpg,0,2,1.41
443896_Textile_Fragment_primary.jpg,0,2,1.42
443917_Textile_Fragment_primary.jpg,0,1,1.33
443921_Textile_Fragment_primary.jpg,1,9,1.32
443925_Textile_Fragment_primary.jpg,0,4,1.33
443928_Fragment_of_a_Sleeve_primary.jpg,0,4,1.39
443931_Textile_Fragment_primary.jpg,0,4,1.32
443943_Textile_Fragment_primary.jpg,0,4,1.37
443962_Textile_Fragment_primary.jpg,0,4,1.33
443967_Textile_Fragment_primary.jpg,0,0,1.38
443970_Textile_Fragment_primary.jpg,0,4,1.39
443974_Fragment_with_Scattered_Pattern_primary.jpg,0,0,1.35
443985_Textile_Fragment_primary.jpg,0,0,1.37
444024_Textile_Fragment_primary.jpg,0,1,1.39
444032_Textile_Fragment_primary.jpg,0,3,1.43
444034_Fragment_of_Tunic_primary.jpg,0,0,1.36
444044_Textile_Fragment_primary.jpg,0,0,1.46
444050_Textile_Fragment_primary.jpg,0,3,1.32
444073_Band_with_Vine_Scroll_primary.jpg,1,9,1.41
444081_Textile_Fragment_primary.jpg,1,9,1.32
444084_Textile_Fragment_primary.jpg,0,3,1.38
444089_Textile_Fragment_primary.jpg,0,0,1.44
444106_Dolls_Tunic_primary.jpg,0,0,1.52
444117_Textile_Fragment_primary.jpg,1,9,1.43
444120_Textile_Fragment_primary.jpg,0,7,1.35
444124_Textile_Fragment_primary.jpg,0,4,1.40
444136_Textile_Fragment_primary.jpg,0,0,1.32
444138_Textile_Fragment_primary.jpg,0,1,1.33
444141_Fragment_of_Shoulder_Band_primary.jpg,1,9,1.33
444152_Textile_Fragment_primary.jpg,0,0,1.36
444160_Fragment_of_Shoulder_Band_primary.jpg,0,3,1.38
444163_Textile_Fragment_primary.jpg,0,7,1.39
444178_Textile_Fragment_primary.jpg,0,1,1.47
444199_Fragment_of_Shoulder_Band_primary.jpg,0,0,1.37
444207_Textile_Fragment_primary.jpg,0,6,1.33
444210_Textile_Fragment_primary.jpg,0,1,1.43
444238_Textile_Fragment_primary.jpg,0,0,1.45
444248_Textile_Fragment_primary.jpg,0,0,1.40
444257_Textile_Fragment_primary.jpg,0,0,1.38
444263_Textile_Fragment_primary.jpg,1,9,1.37
444268_Textile_Fragment_primary.jpg,0,2,1.42
444273_Textile_Fragment_primary.jpg,0,0,1.39
444275_Textile_Fragment_primary.jpg,0,0,1.41
444320_Fragment_of_a_Hanging_with_an_Interlace_Band_primary.jpg,0,5,1.32
444327_Tabula_Square_with_the_Head_of_Spring_primary.jpg,0,1,1.37
444329_Textile_Fragment_primary.jpg,1,9,1.37
444330_Textile_Fragment_primary.jpg,1,9,1.37
444338_Panel_primary.jpg,0,2,1.39
444350_Panel_Fragment_primary.jpg,1,9,1.33
444360_Fragment_of_a_Tunic_primary.jpg,0,0,1.43
444369_Textile_Fragment_primary.jpg,0,0,1.41
444375_Large_Cover_with_Four_Trees_of_Life_Inhabited_by_R_primary.jpg,1,9,1.37
444389_Textile_Fragment_primary.jpg,0,2,1.39
444390_Textile_Fragment_primary.jpg,0,2,1.35
444416_Towel_primary.jpg,0,0,1.55
444442_Fragment_of_a_Hanging_primary.jpg,0,3,1.43
444983_Textile_Fragment_primary.jpg,0,0,1.37
445232_Cover_primary.jpg,1,9,1.35
445244_Cover_primary.jpg,0,2,1.49
445250_Textile_Fragment_Depicting_a_Figure_in_a_Landscape_primary.jpg,0,1,1.39
445252_Textile_Fragment_primary.jpg,0,0,1.44
445257_Cover_primary.jpg,0,0,1.34
44526_Horizontal_Panel_with_Profile_Dragon_amid_Flowers_primary.jpg,0,0,1.32
445300_Carpet_primary.jpg,0,0,1.55
445305_Cover_primary.jpg,0,3,1.47
445347_Fragment_of_a_Cover_primary.jpg,0,0,1.48
445348_Textile_Fragment_primary.jpg,0,2,1.46
445642_Textile_Fragment_primary.jpg,0,1,1.34
445660_Cuff_Band_with_Bust_of_a_Female_primary.jpg,0,7,1.33
445662_Textile_Fragment_primary.jpg,0,0,1.32
445687_Fragment_of_a_Tunic_primary.jpg,0,7,1.43
445713_Textile_Fragment_primary.jpg,0,0,1.32
445725_Textile_Fragment_primary.jpg,0,0,1.31
445741_Band_primary.jpg,0,1,1.43
445754_Fragment_of_a_Band_primary.jpg,0,0,1.41
445779_Square_primary.jpg,0,2,1.42
445781_Roundel_primary.jpg,1,9,1.38
445793_Textile_Fragment_primary.jpg,0,3,1.32
445796_Square_primary.jpg,0,0,1.36
44579_Breadth_of_Woven_Textile_primary.jpg,0,5,1.32
445800_Square_primary.jpg,0,3,1.36
445811_Band_Fragment_primary.jpg,0,1,1.42
445812_Roundel_primary.jpg,0,1,1.39
445825_Band_primary.jpg,0,0,1.38
445826_Band_primary.jpg,0,6,1.32
445827_Band_Fragment_primary.jpg,0,1,1.39
445830_Band_primary.jpg,0,1,1.41
44583_Patchwork_of_Woven_Textiles_primary.jpg,0,0,1.42
445849_Band_primary.jpg,0,1,1.39
445862_Band_Fragment_primary.jpg,0,0,1.40
445863_Textile_Fragment_primary.jpg,0,3,1.30
445868_Carpet_Fragment_primary.jpg,0,2,1.33
445870_Textile_Fragment_primary.jpg,0,0,1.30
445873_Textile_Fragment_primary.jpg,0,0,1.33
445878_Textile_Fragment_primary.jpg,0,0,1.28
445882_Textile_Fragment_primary.jpg,0,0,1.33
445893_Textile_Fragment_primary.jpg,0,3,1.34
445898_Net_primary.jpg,0,1,1.36
445899_Square_primary.jpg,0,3,1.37
445913_Square_and_Band_primary.jpg,0,0,1.43
445921_Shoulder_Band_Fragment_primary.jpg,0,0,1.35
445925_Panel_primary.jpg,0,0,1.41
445929_Band_primary.jpg,0,2,1.36
445930_Band_primary.jpg,0,1,1.40
445932_Panel_primary.jpg,0,1,1.38
445949_Sampler_primary.jpg,0,0,1.33
445974_Textile_Fragment_primary.jpg,0,1,1.36
446213_Textile_Fragment_primary.jpg,0,7,1.35
446221_Fragment_of_a_Cover_primary.jpg,0,5,1.48
446534_Carpet_primary.jpg,0,1,1.31
446631_Carpet_with_Repeating_Tree_Design_primary.jpg,0,6,1.46
446633_Fragments_of_a_Trellis_Pattern_Carpet_primary.jpg,0,2,1.34
446636_Silk_Kashan_Carpet_primary.jpg,0,1,1.52
446666_Headdress_primary.jpg,0,2,1.31
446822_Textile_Fragment_primary.jpg,0,0,1.31
446839_Textile_Fragment_primary.jpg,0,0,1.30
446854_Tassels_primary.jpg,0,1,1.30
446882_Fragment_of_a_White-Ground_Velvet_Carpet_primary.jpg,0,6,1.51
446952_Panel_primary.jpg,0,1,1.34
447097_Textile_Fragment_primary.jpg,0,7,1.34
447100_Textile_Fragment_primary.jpg,0,2,1.34
447319_Shawl_primary.jpg,0,0,1.34
447325_Band_primary.jpg,0,0,1.33
447330_Textile_Fragment_primary.jpg,0,1,1.35
447340_Textile_Fragment_primary.jpg,0,4,1.36
447401_Fragment_of_Sari_primary.jpg,0,1,1.31
447402_Brocade_primary.jpg,0,5,1.37
447417_Fragment_of_Shawl_primary.jpg,0,1,1.33
447468_So-called_Chila_primary.jpg,0,0,1.32
447504_Tekke_Main_Carpet_primary.jpg,0,3,1.50
447507_Carpet_primary.jpg,0,1,1.35
447534_Shrub_Carpet_primary.jpg,0,5,1.46
447569_Carpet_primary.jpg,0,4,1.34
447573_Carpet_with_Quatrefoil_Design_primary.jpg,0,0,1.32
447581_Carpet_with_Pseudo-Kufic_Inscriptions_primary.jpg,0,2,1.49
447596_Textile_Fragment_primary.jpg,0,0,1.40
447793_Hanging_primary.jpg,0,1,1.33
447852_Panel_primary.jpg,0,3,1.37
447862_Band_Fragment_primary.jpg,0,0,1.34
447867_Hanging_or_Bed_Cover_Palampore_primary.jpg,0,1,1.33
447901_Border_primary.jpg,0,3,1.32
447914_Panel_primary.jpg,0,1,1.33
447916_Fragment_of_a_Hanging_with_Haloed_Figure_primary.jpg,0,3,1.48
448031_Textile_Fragment_primary.jpg,0,7,1.51
448040_Band_primary.jpg,0,1,1.36
448041_Textile_Fragment_primary.jpg,1,9,1.53
448059_Textile_Fragment_primary.jpg,1,9,1.54
448091_Textile_Fragment_primary.jpg,0,0,1.33
448094_Textile_Fragment_primary.jpg,1,9,1.46
448117_Textile_Fragment_primary.jpg,1,9,1.34
448129_Textile_Fragment_primary.jpg,0,1,1.32
448191_Hanging_Palampore_primary.jpg,0,1,1.34
448215_Sash_primary.jpg,0,0,1.38
448225_Band_Fragment_primary.jpg,0,2,1.39
448227_Hanging_with_Images_of_Abundance_primary.jpg,0,1,1.36
448232_Textile_Fragment_primary.jpg,0,0,1.42
448238_Cover_primary.jpg,0,2,1.53
448285_Textile_Fragment_primary.jpg,0,1,1.33
448286_Textile_Fragment_primary.jpg,0,3,1.35
448294_Tiraz_Textile_Fragment_primary.jpg,0,1,1.48
448296_Textile_Fragment_primary.jpg,0,0,1.35
448315_Textile_Fragment_primary.jpg,0,0,1.40
448333_Textile_Fragment_primary.jpg,0,7,1.36
448350_Textile_Fragment_primary.jpg,0,7,1.34
448412_Loom_Width_of_Silk_Velvet_with_Pinecone_Pattern_primary.jpg,0,0,1.34
448414_Panel_primary.jpg,0,2,1.37
448521_Textile_Fragment_primary.jpg,0,2,1.35
448524_Textile_Fragment_primary.jpg,0,0,1.33
448534_Textile_Fragment_primary.jpg,0,1,1.36
448536_Fragment_of_Textile_with_a_Forested_Landscape_primary.jpg,0,2,1.33
448568_Textile_Fragment_primary.jpg,0,0,1.42
448583_Fragment_of_a_Robe_Jama_primary.jpg,0,0,1.32
448584_Tunic_Band_with_Repeating_Motif_of_Confronted_Grif_primary.jpg,0,0,1.38
448595_Textile_Fragment_primary.jpg,0,0,1.35
448604_Textile_Fragment_primary.jpg,0,4,1.34
448606_Textile_Fragment_primary.jpg,0,0,1.35
448621_Textile_Fragment_primary.jpg,0,0,1.31
448626_Textile_Fragment_primary.jpg,0,1,1.35
448635_Tiraz_Fragment_primary.jpg,0,0,1.32
448637_Tiraz_Textile_Fragment_primary.jpg,0,5,1.43
448639_Tiraz_Textile_Fragment_primary.jpg,0,2,1.33
448676_Part_of_a_Garment_primary.jpg,0,1,1.55
448689_Textile_Fragment_with_Inscription_primary.jpg,0,3,1.56
448914_Textile_Fragment_primary.jpg,0,1,1.40
448921_Rug_Fragments_primary.jpg,0,1,1.35
448951_Cover_primary.jpg,0,0,1.38
449532_Textile_Fragment_primary.jpg,0,0,1.32
450528_Portuguese_Carpet_with_Maritime_Scenes_primary.jpg,0,3,1.43
450568_Panel_primary.jpg,0,0,1.33
450569_Hanging_primary.jpg,0,0,1.30
450613_Fragment_of_Turban_Cloth_primary.jpg,0,0,1.41
450685_Fragment_of_Turban_Cloth_primary.jpg,1,9,1.32
450720_Textile_Fragment_from_the_Chasuble_of_San_Valerius_primary.jpg,1,9,1.49
450722_A_Young_Man_Attending_to_a_Falcon_primary.jpg,0,3,1.54
450730_Textile_Fragment_primary.jpg,0,0,1.44
450733_Sari_primary.jpg,0,0,1.38
450955_Cover_primary.jpg,0,1,1.32
450963_Cope_primary.jpg,0,7,1.42
450970_Strip_primary.jpg,0,0,1.33
450988_Trousering_primary.jpg,0,0,1.33
451049_Carpet_Fragment_primary.jpg,0,0,1.37
451054_Carpet_Fragment_primary.jpg,0,0,1.39
451091_Velvet_with_Figural_Imagery_primary.jpg,0,1,1.42
451092_Safavid_Courtiers_Leading_Georgian_Captives_primary.jpg,0,1,1.44
451168_Textile_Fragment_primary.jpg,1,9,1.37
451214_Textile_Fragment_primary.jpg,0,1,1.35
451493_Textile_Fragment_primary.jpg,0,0,1.30
451613_Fragment_of_Womans_Trousering_Nakshe_primary.jpg,0,0,1.33
451669_Carpet_primary.jpg,0,0,1.42
451778_Textile_Fragment_primary.jpg,0,0,1.35
451787_Roundel_primary.jpg,0,0,1.34
452105_Hanging_Arid_primary.jpg,0,0,1.42
452190_Blue-ground_Carpet_Fragment_with_Scrolling_Floral_primary.jpg,0,3,1.56
452407_Fragment_of_Blazon_primary.jpg,1,9,1.38
452544_Textile_Fragment_primary.jpg,0,1,1.36
452548_Textile_Fragment_primary.jpg,0,1,1.35
452591_Carpet_primary.jpg,0,6,1.33
452597_Yomut_Main_Carpet_primary.jpg,0,2,1.30
452951_Textile_Fragment_primary.jpg,0,3,1.49
453054_Floral_Tent_Panel_primary.jpg,0,0,1.44
453195_Textile_Fragment_with_a_Repeating_Pattern_of_Inter_primary.jpg,0,7,1.37
453215_Length_of_Fabric_for_Clothing_primary.jpg,0,0,1.44
453295_Textile_Fragment_primary.jpg,0,7,1.37
453371_Textile_Fragment_primary.jpg,0,2,1.44
453412_Shawl_of_Joined_Fragments_primary.jpg,0,4,1.43
453499_Textile_Fragment_primary.jpg,0,0,1.35
454471_Textile_Fragment_primary.jpg,0,1,1.33
454489_Textile_Fragment_primary.jpg,0,4,1.32
454496_Textile_Fragment_primary.jpg,0,5,1.32
454513_Textile_Fragment_primary.jpg,0,0,1.33
454515_Textile_Fragment_primary.jpg,0,3,1.34
454545_Textile_Fragment_primary.jpg,0,3,1.32
454547_Textile_Fragment_primary.jpg,0,0,1.31
454557_Textile_Fragment_primary.jpg,0,3,1.33
454572_Textile_Fragment_primary.jpg,0,2,1.30
454591_Textile_Fragment_primary.jpg,0,0,1.31
454596_Textile_Fragment_primary.jpg,0,2,1.35
454597_Textile_Fragment_primary.jpg,0,0,1.30
454600_Textile_Fragment_primary.jpg,0,7,1.40
456909_Textile_Fragment_primary.jpg,0,0,1.37
456973_Carpet_primary.jpg,0,0,1.31
456979_Ushak_Carpet_Fragment_primary.jpg,0,2,1.32
45707_Textile_Pattern_Sample_Book_primary.jpg,1,9,1.41
457970_Textile_Fragment_with_Double-Headed_Eagles_and_Fac_primary.jpg,0,0,1.45
460381_Cope_and_Hood_primary.jpg,0,3,1.34
460585_Saint_Martin_and_Saint_Hilary_primary.jpg,0,0,1.47
460587_Hood_from_a_Cope_primary.jpg,0,0,1.35
460592_Chasuble_Back_with_an_Orphrey_primary.jpg,1,9,1.40
460780_Panel_primary.jpg,0,4,1.34
460786_Panel_see_also_197511933_primary.jpg,0,0,1.35
460789_Womans_Gown_Robe_á_la_française_primary.jpg,0,6,1.34
461075_Fragment_of_a_Chasuble_front_primary.jpg,0,2,1.42
461119_Cover_primary.jpg,0,1,1.49
461171_Panel_primary.jpg,1,9,1.34
461250_Fabric_primary.jpg,0,3,1.30
461328_Panel_primary.jpg,0,0,1.41
461383_Panel_primary.jpg,0,3,1.45
461398_Fragment_primary.jpg,0,0,1.47
461402_Cushion_primary.jpg,0,0,1.33
461412_Panel_primary.jpg,0,2,1.35
461413_Fragment_primary.jpg,0,0,1.42
461425_Panel_primary.jpg,0,2,1.45
461426_Cushion_Cover_with_Coats_of_Arms_primary.jpg,0,0,1.34
461431_Panel_primary.jpg,0,1,1.33
461510_Chasuble_primary.jpg,0,1,1.41
461575_Chasuble_primary.jpg,0,0,1.35
461580_Apparel_made_into_a_cushion_primary.jpg,0,0,1.33
461612_Orphrey_section_made_into_cushion_primary.jpg,0,0,1.44
461655_Cover_primary.jpg,0,0,1.38
462800_Altar_Frontal_Textile_primary.jpg,0,0,1.41
463022_Brocade_Textile_primary.jpg,0,3,1.35
463234_Textile_primary.jpg,1,9,1.46
463239_Printed_Textile_primary.jpg,0,0,1.37
463240_Textile_primary.jpg,0,1,1.38
463252_Textile_with_Geometrical_Designs_primary.jpg,1,9,1.40
463298_Textile_with_Architectural_Fountain_Guarded_by_Lio_primary.jpg,0,0,1.48
463694_Adoration_of_the_Magi_primary.jpg,0,0,1.47
463907_Orphrey_Cross_primary.jpg,1,9,1.32
463959_Crucifixion_primary.jpg,0,0,1.44
465932_Dalmatic_primary.jpg,1,9,1.39
465964_Praetexta_of_an_Antependium_primary.jpg,0,4,1.38
466595_Cope_primary.jpg,0,0,1.34
466619_Moses_and_Aaron_Before_Pharaoh_primary.jpg,0,2,1.47
467506_Arcades_with_Riders_in_Fantastic_Thickets_primary.jpg,0,1,1.56
467629_Embroidered_Medallion_primary.jpg,0,0,1.37
467828_The_Triumph_of_Time_over_Fame_primary.jpg,1,9,1.58
467944_Hunting_with_a_Hawk_from_the_Hunting_Parks_Tapest_primary.jpg,0,1,1.51
468054_Lady_and_Gentleman_in_front_of_Two_Curtains_primary.jpg,0,6,1.38
468098_Preparing_to_Undo_the_Stag_in_the_Field_From_Inci_primary.jpg,0,0,1.37
468127_Pouch_Forel_primary.jpg,0,0,1.51
468147_Textile_with_Fleur-De-Lis_Motif_primary.jpg,0,3,1.44
468232_Hector_of_Troy__from_the_Heroes_Tapestries_primary.jpg,0,0,1.35
468428_Cope_primary.jpg,0,2,1.53
468540_The_Virgin_of_The_Apocalypse_with_Saint_Catherine_primary.jpg,1,9,1.55
468553_Altar_Frontal_primary.jpg,0,2,1.38
468621_Stole_with_Figures_of_Kings_and_Bishops_primary.jpg,0,3,1.34
468624_Stole_with_the_Martyrdom_of_St_Catherine_primary.jpg,0,0,1.40
474217_Textile_Fragment_primary.jpg,0,0,1.43
474233_Textile_Fragment_primary.jpg,0,2,1.52
475101_Ball_Net_primary.jpg,0,1,1.34
475237_Textile_Fragment_primary.jpg,0,2,1.30
475245_Textile_Fragment_primary.jpg,0,1,1.34
475267_Textile_Fragment_primary.jpg,0,0,1.35
479848_Textile_sample_primary.jpg,0,1,1.37
479849_Textile_sample_primary.jpg,1,9,1.42
479891_Textile_sample_primary.jpg,0,1,1.38
479892_Textile_sample_primary.jpg,0,5,1.40
479893_Textile_sample_primary.jpg,0,1,1.36
479898_Textile_sample_primary.jpg,0,0,1.40
479904_Textile_sample_primary.jpg,0,6,1.36
479923_Textile_sample_primary.jpg,0,5,1.34
479928_Textile_sample_primary.jpg,0,1,1.40
479929_Textile_sample_primary.jpg,1,9,1.40
479935_Textile_sample_primary.jpg,0,3,1.32
479940_Textile_sample_primary.jpg,0,0,1.37
479958_Textile_sample_primary.jpg,0,0,1.39
479960_Textile_sample_primary.jpg,0,0,1.35
479969_Textile_sample_primary.jpg,0,0,1.36
479982_Textile_sample_primary.jpg,0,7,1.38
480000_Textile_sample_primary.jpg,0,7,1.36
480018_Textile_sample_primary.jpg,0,1,1.37
480028_Textile_sample_primary.jpg,0,6,1.34
480041_Textile_sample_primary.jpg,0,5,1.39
480047_Textile_sample_primary.jpg,0,0,1.35
480053_Textile_sample_primary.jpg,1,9,1.39
480060_Textile_sample_primary.jpg,0,1,1.36
480065_Textile_sample_primary.jpg,0,0,1.36
480067_Textile_sample_primary.jpg,0,1,1.40
480080_Textile_sample_primary.jpg,0,2,1.34
480085_Textile_sample_primary.jpg,1,9,1.35
480091_Textile_sample_primary.jpg,0,1,1.33
480097_Textile_sample_primary.jpg,0,3,1.37
480116_Textile_sample_primary.jpg,0,1,1.38
480132_Textile_sample_primary.jpg,1,9,1.34
480166_Textile_sample_primary.jpg,0,2,1.37
480170_Textile_sample_primary.jpg,0,0,1.40
480177_Textile_sample_primary.jpg,0,5,1.40
480194_Textile_sample_primary.jpg,0,0,1.37
480197_Textile_sample_primary.jpg,0,7,1.36
480211_Textile_sample_primary.jpg,0,7,1.35
480229_Textile_sample_primary.jpg,0,1,1.38
480253_Textile_sample_primary.jpg,0,2,1.35
480257_Textile_sample_primary.jpg,0,6,1.35
480270_Textile_sample_primary.jpg,0,1,1.37
480278_Textile_sample_primary.jpg,0,3,1.42
480284_Textile_sample_primary.jpg,0,0,1.37
480286_Textile_sample_primary.jpg,1,9,1.34
480306_Textile_sample_primary.jpg,0,1,1.37
480316_Textile_sample_primary.jpg,0,1,1.37
480319_Textile_sample_primary.jpg,0,2,1.35
480327_Textile_sample_primary.jpg,0,2,1.39
480333_Textile_sample_primary.jpg,0,0,1.35
480346_Textile_sample_primary.jpg,1,9,1.36
480351_Textile_sample_primary.jpg,0,6,1.39
480360_Textile_sample_primary.jpg,0,0,1.33
480397_Textile_sample_primary.jpg,0,3,1.40
480400_Textile_sample_primary.jpg,0,0,1.34
480403_Textile_sample_primary.jpg,0,0,1.35
480420_Textile_sample_primary.jpg,0,1,1.34
480424_Textile_sample_primary.jpg,1,9,1.35
480429_Textile_sample_primary.jpg,0,3,1.36
480434_Textile_sample_primary.jpg,0,0,1.38
480439_Textile_sample_primary.jpg,0,0,1.38
480442_Textile_sample_primary.jpg,0,1,1.35
480459_Textile_sample_primary.jpg,0,7,1.36
480480_Textile_sample_primary.jpg,0,2,1.37
480499_Textile_sample_primary.jpg,0,7,1.41
50496_Velvet_Panel_primary.jpg,0,1,1.35
50538_Sutra_Cover_primary.jpg,0,3,1.32
51250_Embroidered_Panel_with_Daoist_Magician_primary.jpg,0,0,1.32
52476_Girdle_Set_with_Dragon_Clouds_and_Waves_primary.jpg,0,0,1.37
53677_Textile_primary.jpg,0,2,1.33
53703_Hanging_with_the_Three_Stars_primary.jpg,0,0,1.38
53717_Fan_with_Landscape_primary.jpg,1,9,1.37
53718_Section_of_a_Valance_primary.jpg,0,3,1.33
53753_Sutra_cover_with_dragons_amid_clouds_primary.jpg,0,3,1.33
54414_Three_Cases_from_a_Set_primary.jpg,0,6,1.34
54419_Gourd-Shaped_Case_with_Pattern_of_Pig-Faced_Creatu_primary.jpg,0,0,1.43
54946_Two_Bodhisattvas_primary.jpg,1,9,1.34
61792_Kosode_Fragment_primary.jpg,1,9,1.32
61795_Piece_from_a_Summer_Kosode_Katabira_with_Kerria_primary.jpg,0,1,1.34
61796_Kosode_Fragment_primary.jpg,0,0,1.35
65027_Textile_primary.jpg,0,0,1.34
65028_Piece_primary.jpg,0,3,1.38
65030_Piece_primary.jpg,0,3,1.33
65134_Dragon_Roundel_from_a_Ceremonial_Garment_primary.jpg,1,9,1.31
65135_Dragon_Roundel_from_a_Ceremonial_Garment_primary.jpg,0,0,1.33
65138_Medallion_with_Five-Clawed_Dragon_long_primary.jpg,0,0,1.41
65226_Piece_from_Sutra_Cover_with_Chrysanthemum_primary.jpg,0,0,1.31
65648_Chair_Strip_with_Cranes_and_Lantern_primary.jpg,0,0,1.30
65652_Panel_for_Elbow_Pillow_primary.jpg,0,0,1.32
65662_Medallion_primary.jpg,0,0,1.35
65677_Rank_Badge_primary.jpg,0,1,1.37
65678_Rank_badge_with_tiger_primary.jpg,0,1,1.45
65682_Robe_primary.jpg,0,3,1.33
65720_Pieces_primary.jpg,0,7,1.37
65723_Costume_primary.jpg,0,0,1.36
65778_Textile_fragment_with_incomplete_repeating_pattern_primary.jpg,0,0,1.36
65793_Piece_primary.jpg,0,1,1.33
65795_Piece_primary.jpg,0,2,1.34
65835_Piece_primary.jpg,1,9,1.33
65846_Piece_primary.jpg,0,1,1.36
65868_Piece_primary.jpg,0,1,1.31
65885_Textile_fragment_with_repeating_pattern_of_scatter_primary.jpg,0,7,1.35
65894_Piece_primary.jpg,0,2,1.32
65902_Textile_fragment_with_pattern_of_checks_with_band_primary.jpg,0,0,1.31
65903_Piece_primary.jpg,0,0,1.38
65913_Piece_primary.jpg,0,0,1.32
65935_Piece_primary.jpg,1,9,1.34
65954_Piece_primary.jpg,0,1,1.36
65957_Piece_primary.jpg,0,0,1.35
65972_Piece_primary.jpg,0,0,1.35
65990_Piece_primary.jpg,0,3,1.35
65994_Piece_primary.jpg,1,9,1.34
66003_Piece_primary.jpg,0,0,1.32
66016_Piece_primary.jpg,0,2,1.33
66028_Piece_primary.jpg,1,9,1.35
66029_Piece_primary.jpg,0,0,1.35
66039_Piece_primary.jpg,0,0,1.30
66040_Piece_primary.jpg,0,2,1.32
66046_Piece_primary.jpg,0,0,1.39
66055_Piece_primary.jpg,0,0,1.34
66063_Piece_primary.jpg,0,2,1.35
66065_Piece_primary.jpg,0,7,1.37
66071_Piece_primary.jpg,0,2,1.34
66073_Piece_primary.jpg,1,9,1.37
66077_Piece_primary.jpg,0,0,1.35
66080_Piece_primary.jpg,0,0,1.37
66102_Piece_primary.jpg,0,0,1.35
66108_Piece_primary.jpg,1,9,1.32
66110_Piece_primary.jpg,0,0,1.40
66125_Piece_primary.jpg,1,9,1.40
66133_Piece_primary.jpg,0,1,1.36
66139_Piece_primary.jpg,0,1,1.35
66148_Piece_primary.jpg,0,0,1.34
66156_Piece_primary.jpg,0,1,1.34
66159_Piece_primary.jpg,0,3,1.33
66179_Piece_primary.jpg,0,1,1.34
66191_Piece_primary.jpg,0,0,1.36
66205_Textile_fragment_with_incomplete_pattern_of_paulow_primary.jpg,0,1,1.32
66219_Piece_primary.jpg,0,2,1.36
66242_Piece_primary.jpg,1,9,1.35
66252_Piece_primary.jpg,0,3,1.34
66255_Piece_primary.jpg,0,0,1.35
66258_Piece_primary.jpg,1,9,1.38
66267_Piece_primary.jpg,1,9,1.32
66288_Piece_primary.jpg,0,0,1.33
66293_Piece_primary.jpg,0,4,1.40
66314_Piece_primary.jpg,0,1,1.36
66318_Piece_primary.jpg,1,9,1.32
66329_Piece_primary.jpg,0,0,1.32
66343_Piece_primary.jpg,0,0,1.35
66344_Piece_primary.jpg,1,9,1.34
66347_Piece_primary.jpg,0,0,1.37
66350_Piece_primary.jpg,0,0,1.36
66363_Piece_primary.jpg,0,1,1.36
66378_Piece_primary.jpg,1,9,1.37
66381_Piece_primary.jpg,1,9,1.38
66385_Piece_primary.jpg,0,7,1.35
66386_Piece_primary.jpg,0,0,1.32
66400_Piece_primary.jpg,0,1,1.35
66410_Piece_primary.jpg,1,9,1.35
66415_Piece_primary.jpg,0,5,1.32
66416_Piece_primary.jpg,0,4,1.35
66419_Piece_primary.jpg,0,2,1.33
66422_Piece_primary.jpg,0,0,1.33
66431_Piece_primary.jpg,0,0,1.32
66441_Piece_primary.jpg,0,1,1.36
66459_Piece_primary.jpg,0,0,1.34
66463_Piece_primary.jpg,0,1,1.34
66475_Piece_primary.jpg,0,0,1.34
66491_Piece_primary.jpg,0,3,1.33
66501_Piece_primary.jpg,0,4,1.35
66503_Piece_primary.jpg,0,0,1.35
66518_Piece_primary.jpg,0,7,1.38
66531_Piece_primary.jpg,0,0,1.33
66532_Piece_primary.jpg,1,9,1.33
66541_Piece_primary.jpg,0,0,1.37
66574_Piece_primary.jpg,0,1,1.32
66592_Piece_primary.jpg,0,0,1.34
66595_Piece_primary.jpg,0,2,1.36
66606_Piece_primary.jpg,0,0,1.35
66611_Piece_primary.jpg,1,9,1.31
66616_Piece_primary.jpg,1,9,1.36
66620_Piece_primary.jpg,1,9,1.33
66621_Piece_primary.jpg,0,4,1.32
66630_Piece_primary.jpg,0,2,1.34
66668_Piece_primary.jpg,0,7,1.31
66682_Piece_primary.jpg,1,9,1.32
66725_Piece_primary.jpg,0,0,1.36
66738_Piece_primary.jpg,0,2,1.37
66754_Piece_primary.jpg,0,0,1.38
66761_Piece_primary.jpg,0,0,1.38
66764_Piece_primary.jpg,0,0,1.36
66767_Piece_primary.jpg,0,1,1.31
66768_Piece_primary.jpg,0,1,1.32
66771_Piece_primary.jpg,0,1,1.31
66772_Piece_primary.jpg,0,7,1.32
66785_Piece_primary.jpg,0,0,1.32
66788_Piece_primary.jpg,0,0,1.35
66795_Piece_primary.jpg,0,7,1.36
66800_Piece_primary.jpg,0,0,1.33
66804_Piece_primary.jpg,0,0,1.33
66806_Piece_primary.jpg,0,0,1.32
66808_Piece_primary.jpg,0,0,1.30
66815_Piece_primary.jpg,0,2,1.32
66848_Piece_primary.jpg,1,9,1.39
66877_Piece_primary.jpg,0,0,1.31
66895_Piece_primary.jpg,0,1,1.31
66913_Piece_primary.jpg,0,0,1.33
66914_Piece_primary.jpg,0,1,1.34
66919_Piece_primary.jpg,0,0,1.32
66931_Piece_primary.jpg,0,1,1.33
66944_Piece_primary.jpg,0,3,1.35
66965_Piece_primary.jpg,0,0,1.33
66972_Piece_primary.jpg,0,2,1.35
66988_Piece_primary.jpg,0,0,1.33
67024_Piece_primary.jpg,0,0,1.33
67039_Piece_primary.jpg,0,0,1.36
67045_Piece_primary.jpg,1,9,1.34
67058_Piece_primary.jpg,0,1,1.33
67075_Piece_primary.jpg,0,0,1.32
67078_Piece_primary.jpg,0,3,1.32
67088_Piece_primary.jpg,0,2,1.35
67090_Piece_primary.jpg,0,7,1.31
67091_Piece_primary.jpg,0,0,1.31
67095_Piece_primary.jpg,0,0,1.32
67119_Piece_primary.jpg,1,9,1.38
67123_Piece_primary.jpg,0,4,1.34
67124_Piece_primary.jpg,1,9,1.31
67128_Piece_primary.jpg,0,3,1.33
67129_Piece_primary.jpg,0,3,1.35
67132_Piece_primary.jpg,0,4,1.38
67136_Piece_primary.jpg,0,4,1.32
67162_Piece_primary.jpg,0,0,1.33
67169_Piece_primary.jpg,0,1,1.36
67180_Piece_primary.jpg,1,9,1.35
67181_Piece_primary.jpg,0,6,1.37
67189_Piece_primary.jpg,0,0,1.37
67246_Piece_primary.jpg,0,0,1.42
67262_Piece_primary.jpg,0,0,1.38
67265_Piece_primary.jpg,0,1,1.39
67267_Piece_primary.jpg,0,2,1.35
67271_Piece_primary.jpg,0,0,1.36
67282_Piece_primary.jpg,0,4,1.37
67283_Piece_primary.jpg,0,0,1.33
67288_Piece_primary.jpg,0,1,1.31
67299_Piece_primary.jpg,0,1,1.32
67300_Piece_primary.jpg,0,0,1.33
67322_Piece_primary.jpg,0,7,1.34
67323_Piece_primary.jpg,0,4,1.34
67334_Piece_primary.jpg,0,0,1.35
67341_Piece_primary.jpg,0,0,1.33
67343_Piece_primary.jpg,0,3,1.39
67348_Piece_primary.jpg,0,1,1.33
67357_Piece_primary.jpg,0,0,1.33
67362_Piece_primary.jpg,0,0,1.37
67377_Piece_primary.jpg,0,7,1.38
67405_Piece_primary.jpg,0,5,1.34
67415_Piece_primary.jpg,0,2,1.36
67429_Piece_primary.jpg,0,0,1.35
67434_Piece_primary.jpg,0,1,1.33
67441_Piece_primary.jpg,1,9,1.37
67453_Piece_primary.jpg,1,9,1.34
67466_Piece_primary.jpg,0,0,1.31
67472_Piece_primary.jpg,0,2,1.37
67484_Piece_primary.jpg,0,0,1.36
67485_Piece_primary.jpg,0,1,1.36
67505_Piece_primary.jpg,0,1,1.37
67512_Piece_primary.jpg,0,3,1.35
67531_Piece_primary.jpg,0,1,1.32
67549_Piece_primary.jpg,0,0,1.34
67551_Piece_primary.jpg,1,9,1.37
67556_Piece_primary.jpg,0,1,1.33
675597_Funerary_chasuble_primary.jpg,1,9,1.49
67576_Piece_primary.jpg,0,1,1.30
67615_Piece_primary.jpg,1,9,1.40
67647_Piece_primary.jpg,0,1,1.35
67650_Piece_primary.jpg,0,0,1.34
67661_Piece_primary.jpg,0,7,1.35
67667_Piece_primary.jpg,1,9,1.30
67677_Piece_primary.jpg,0,1,1.33
67691_Piece_primary.jpg,1,9,1.31
67695_Piece_primary.jpg,0,5,1.31
67705_Piece_primary.jpg,0,5,1.31
67707_Piece_primary.jpg,0,2,1.33
67712_Piece_primary.jpg,1,9,1.35
67782_Piece_primary.jpg,0,2,1.41
67797_Piece_primary.jpg,1,9,1.40
67798_Piece_primary.jpg,0,1,1.39
67800_Piece_primary.jpg,0,0,1.30
67801_Piece_primary.jpg,0,2,1.35
67804_Piece_primary.jpg,0,2,1.34
67812_Piece_primary.jpg,0,0,1.33
67813_Piece_primary.jpg,0,3,1.33
67823_Piece_primary.jpg,0,0,1.31
67825_Piece_primary.jpg,0,3,1.35
67839_Piece_primary.jpg,0,1,1.32
67878_Oval_Rug_Or_Cushion_Cover_primary.jpg,0,0,1.32
67883_Valance_primary.jpg,0,1,1.56
67902_Piece_primary.jpg,0,0,1.32
67914_Piece_primary.jpg,0,6,1.36
67920_Piece_primary.jpg,0,7,1.33
67935_Piece_primary.jpg,0,0,1.32
67943_Piece_primary.jpg,0,3,1.32
67945_Piece_primary.jpg,0,2,1.34
67954_Piece_primary.jpg,0,4,1.32
67976_Piece_primary.jpg,0,2,1.34
68007_Textile_primary.jpg,1,9,1.33
68012_Textile_primary.jpg,0,1,1.32
68017_Textile_primary.jpg,0,0,1.36
68018_Textile_primary.jpg,0,2,1.36
68035_Textile_primary.jpg,0,0,1.34
68038_Textile_primary.jpg,0,3,1.34
68054_Textile_primary.jpg,1,9,1.35
68060_Textile_primary.jpg,0,3,1.37
68079_Textile_primary.jpg,0,0,1.34
68080_Textile_Sample_from_Sample_Book_primary.jpg,1,9,1.32
68122_Textile_Sample_from_Sample_Book_primary.jpg,0,0,1.40
68145_Textile_Sample_from_Sample_Book_primary.jpg,1,9,1.34
68153_Textile_Sample_from_Sample_Book_primary.jpg,0,7,1.37
681541_Half_of_Double_Saddle_Bag_Khorjin_primary.jpg,0,0,1.47
68168_Textile_Sample_from_Sample_Book_primary.jpg,0,0,1.32
68173_Textile_Sample_from_Sample_Book_primary.jpg,0,0,1.32
68174_Textile_Sample_from_Sample_Book_primary.jpg,0,0,1.34
68183_Textile_Sample_from_Sample_Book_primary.jpg,0,0,1.31
68193_Textile_Sample_from_Sample_Book_primary.jpg,0,0,1.31
68198_Textile_Sample_from_Sample_Book_primary.jpg,1,9,1.34
68200_Textile_Sample_from_Sample_Book_primary.jpg,1,9,1.34
68211_Textile_Sample_from_Sample_Book_primary.jpg,0,0,1.34
68218_Textile_Sample_from_Sample_Book_primary.jpg,0,0,1.33
68221_Textile_Sample_from_Sample_Book_primary.jpg,0,1,1.38
68227_Textile_Sample_from_Sample_Book_primary.jpg,0,0,1.36
68233_Textile_Sample_from_Sample_Book_primary.jpg,0,3,1.34
68240_Textile_Sample_from_Sample_Book_primary.jpg,0,0,1.31
68241_Textile_Sample_from_Sample_Book_primary.jpg,0,0,1.34
68245_Textile_Sample_from_Sample_Book_primary.jpg,0,0,1.35
68270_Textile_Sample_from_Sample_Book_primary.jpg,1,9,1.46
68279_Childs_Robe_primary.jpg,0,2,1.32
68290_Scenic_Sites_in_the_Qianlong_Emperors_Southern_In_primary.jpg,1,9,1.40
68310_Seven-Panel_Buddhist_Monks_Vestment_Shichijō_kes_primary.jpg,0,2,1.37
68321_Priests_Robe_Shichijō_primary.jpg,0,0,1.33
68327_Priests_Robe_Shichijō_primary.jpg,0,1,1.34
68335_Priests_Robe_Shichijō_primary.jpg,0,0,1.31
68338_Priests_Robe_Shichijō_primary.jpg,0,0,1.34
68354_Priests_Robe_Shichijō_primary.jpg,0,0,1.34
68355_Priests_Robe_primary.jpg,0,0,1.35
68356_Priests_Robe_Shichijō_primary.jpg,0,0,1.33
68357_Priests_Robe_primary.jpg,0,0,1.37
68367_Priests_Robe_Shichijō_primary.jpg,0,1,1.35
68380_Altar_Cloth_primary.jpg,0,1,1.37
68381_Priests_Robe_Shichijō_primary.jpg,0,0,1.34
68390_Priests_Robe_Shichijō_primary.jpg,0,0,1.34
68409_Priests_Robe_Shichijō_primary.jpg,0,0,1.39
68477_Pillow_Cover_primary.jpg,0,1,1.34
68486_Panel_primary.jpg,1,9,1.40
68493_Piece_primary.jpg,0,2,1.33
68501_Ribbon_primary.jpg,0,0,1.34
68504_Piece_primary.jpg,0,0,1.32
68583_Ceremonial_Birthday_Robe_primary.jpg,0,0,1.48
68636_Sleeve_Band_primary.jpg,0,0,1.33
68638_Sleeve_Band_primary.jpg,0,0,1.43
68639_Sleeve_Band_primary.jpg,0,4,1.31
68682_Sleeve_Band_primary.jpg,0,2,1.33
68689_Sleeve_Band_primary.jpg,0,3,1.31
68702_Sleeve_Band_primary.jpg,0,1,1.33
68713_Sleeve_Band_primary.jpg,0,0,1.34
68770_Watch_Case_with_Floral_Decoration_primary.jpg,0,3,1.33
68772_Mirror_Case_primary.jpg,0,4,1.32
68776_Mirror_Case_primary.jpg,1,9,1.32
68794_Eyeglass_Case_primary.jpg,0,1,1.30
68823_Fan_Holder_primary.jpg,0,0,1.33
68825_Fan_Holder_primary.jpg,0,1,1.35
68831_Fan_Holder_primary.jpg,0,1,1.33
68849_Fan_Holder_primary.jpg,0,0,1.32
68855_Fan_Holder_primary.jpg,0,3,1.30
68856_Medallion_primary.jpg,0,0,1.35
68865_Rank_Badge_with_Silver_Pheasant_primary.jpg,0,0,1.33
68890_Rank_Badge_with_Silver_Pheasant_primary.jpg,0,0,1.33
68896_Rank_Badge_with_Silver_Pheasant_primary.jpg,0,0,1.32
68898_Rank_Badge_with_Qilin_primary.jpg,0,0,1.31
68901_Rank_Badge_with_Crane_primary.jpg,0,0,1.31
68911_Rank_Badge_with_Quail_primary.jpg,0,1,1.36
68925_Rank_Badge_with_Manchurian_Goose_primary.jpg,0,0,1.32
68944_Rank_Badge_with_Silver_Pheasant_primary.jpg,0,0,1.30
68950_Rank_Badge_with_Mandarin_Duck_primary.jpg,0,0,1.32
68954_Rank_Badge_with_Silver_Pheasant_primary.jpg,0,2,1.36
68956_Rank_Badge_with_Mandarin_Duck_primary.jpg,0,3,1.34
68961_Rank_Badge_with_Silver_Pheasant_primary.jpg,0,7,1.34
68971_Womans_Rank_Badge_with_Egret_primary.jpg,0,1,1.33
69033_Priests_Robe_primary.jpg,0,2,1.34
69529_Piece_primary.jpg,0,4,1.33
69536_Border_Fragment_primary.jpg,0,3,1.34
69621_Fragment_primary.jpg,0,7,1.37
69623_Fragment_primary.jpg,0,1,1.33
69731_Panel_with_Longevity_Shou_Characters_primary.jpg,0,4,1.41
69733_Piece_primary.jpg,0,4,1.38
69749_Fragment_of_Rug_Border_primary.jpg,0,3,1.32
69773_Piece_primary.jpg,0,0,1.31
69775_Rank_Badge_with_Crane_primary.jpg,0,0,1.32
69800_Piece_primary.jpg,0,0,1.35
69802_Piece_primary.jpg,0,1,1.36
69807_Piece_primary.jpg,0,2,1.33
69808_Piece_primary.jpg,0,1,1.40
69810_Piece_primary.jpg,0,2,1.33
69817_Sutra_Cover_primary.jpg,0,5,1.32
69836_Sutra_Cover_primary.jpg,0,0,1.30
69837_Sutra_Cover_primary.jpg,0,0,1.29
69838_Sutra_Cover_primary.jpg,0,0,1.30
69849_Sutra_Cover_primary.jpg,0,2,1.34
69851_Sutra_Cover_primary.jpg,0,2,1.32
69859_Floor_Covering_with_Theme_of_the_Hundred_Antiques_primary.jpg,0,0,1.45
698655_Textile_Fragment_primary.jpg,0,2,1.44
69872_Cushion_Cover_for_Chair_Back_primary.jpg,0,0,1.33
69879_Wrapping_Cloth_primary.jpg,0,5,1.53
69886_Buddhist_Vestment_Kesa_primary.jpg,0,2,1.49
69908_Hanging_primary.jpg,1,9,1.31
69918_Fragment_primary.jpg,1,9,1.36
69919_Fragments_primary.jpg,0,0,1.33
69923_Imperial_Twelve-Symbol_Robe_for_Boy_Emperor_primary.jpg,0,3,1.32
69950_Costume_of_a_Japanese_Gentleman_primary.jpg,1,9,1.41
69956_Piece_primary.jpg,1,9,1.36
69961_Cushion_Cover_for_Throne_Back_primary.jpg,0,0,1.36
69965_Valance_primary.jpg,0,0,1.36
69969_Screen_Panel_from_Set_of_Six_primary.jpg,0,1,1.34
70085_Length_primary.jpg,0,0,1.34
70087_Length_primary.jpg,0,3,1.34
70091_Rabbit_gazing_at_the_moon_and_stars_besides_a_blos_primary.jpg,0,3,1.37
70107_Rank_Badge_with_Design_of_Mountains_Waves_and_Bat_primary.jpg,0,0,1.37
70110_Rank_Badge_with_Buddhist_Symbols_primary.jpg,0,0,1.33
70111_Applique_primary.jpg,0,0,1.35
70258_Priests_Stole_O-Hi_primary.jpg,0,1,1.36
70268_Rank_Badge_with_Leopard_primary.jpg,0,0,1.39
70271_Panel_primary.jpg,0,1,1.34
70287_Piece_primary.jpg,0,5,1.32
70303_Priests_Robe_primary.jpg,0,1,1.33
70329_Piece_primary.jpg,0,0,1.36
70330_Piece_primary.jpg,0,1,1.36
70336_Begonia_and_Rock_Representing_Winter_from_Set_of_primary.jpg,1,9,1.34
70337_Panel_primary.jpg,0,3,1.33
70393_Priests_Robe_primary.jpg,0,0,1.31
70396_Cover_Futon_primary.jpg,0,1,1.34
70398_Panel_primary.jpg,0,1,1.40
70400_Wall_Hanging_primary.jpg,0,1,1.34
70416_Piece_primary.jpg,0,1,1.32
70436_One_of_a_Set_of_Twelve_Chair_Strips_primary.jpg,0,0,1.32
70438_One_of_a_Set_of_Twelve_Chair_Strips_primary.jpg,0,3,1.31
70441_One_of_a_Set_of_Twelve_Chair_Strips_primary.jpg,0,7,1.33
70449_Rug_or_Hanging_primary.jpg,0,6,1.33
70451_Panel_primary.jpg,0,1,1.41
70455_Panel_primary.jpg,0,2,1.33
70456_Piece_primary.jpg,1,9,1.34
70474_Cuff_primary.jpg,1,9,1.31
70491_Dragon_Robe_primary.jpg,0,0,1.32
70495_Piece_primary.jpg,0,0,1.35
70496_Piece_primary.jpg,0,0,1.32
70502_Valance_for_Bed_with_Naval_Scenes_primary.jpg,0,0,1.34
70510_Valance_primary.jpg,0,1,1.31
70522_Panel_with_Landscape_primary.jpg,0,3,1.47
70543_Sleeve_Band_primary.jpg,0,1,1.35
70552_Saddle_Rug_with_Swastikas_primary.jpg,0,0,1.31
70562_Saddle_Rug_with_Butterflies_primary.jpg,0,7,1.34
70576_Piece_primary.jpg,0,2,1.34
70596_Portion_of_Silk_Gauze_Sari_primary.jpg,0,1,1.32
70603_Prayer_Rug_primary.jpg,0,0,1.38
70610_Panel_with_cranes_over_an_immortal_land_primary.jpg,0,0,1.42
70617_Panel_primary.jpg,0,1,1.33
70621_Belt_primary.jpg,0,0,1.33
70640_Band_primary.jpg,0,3,1.36
70730_Rank_Badge_with_Lions_primary.jpg,0,0,1.37
70763_Valance_primary.jpg,0,0,1.31
70794_Mans_Tie_primary.jpg,0,5,1.33
70973_Piece_primary.jpg,0,2,1.34
70992_Rank_Badge_with_White_Crane_primary.jpg,0,3,1.43
70996_Damask_with_Cloud_Palmettes_and_Chinese_Characters_primary.jpg,0,0,1.44
70997_Piece_primary.jpg,0,7,1.42
71009_Piece_primary.jpg,0,1,1.36
71025_Piece_primary.jpg,0,0,1.30
71026_Brocade_primary.jpg,0,3,1.33
71028_Piece_primary.jpg,0,0,1.36
71034_Piece_primary.jpg,0,0,1.30
71046_Piece_primary.jpg,0,0,1.34
71049_Piece_primary.jpg,0,7,1.33
71061_Piece_primary.jpg,0,1,1.37
71062_Piece_primary.jpg,0,0,1.36
71068_Piece_primary.jpg,0,7,1.36
71085_Piece_primary.jpg,0,0,1.35
71093_Piece_primary.jpg,0,0,1.39
71097_Piece_primary.jpg,0,1,1.33
71106_Piece_primary.jpg,0,1,1.36
71115_Piece_primary.jpg,0,0,1.35
71116_Piece_primary.jpg,0,1,1.32
71119_Piece_primary.jpg,0,0,1.31
71121_Piece_primary.jpg,0,0,1.33
71131_Piece_primary.jpg,0,2,1.31
71166_Piece_primary.jpg,0,2,1.32
71176_Piece_primary.jpg,1,9,1.37
71185_Piece_primary.jpg,0,0,1.30
71200_Piece_primary.jpg,0,1,1.37
71227_Piece_primary.jpg,0,3,1.33
71245_Piece_primary.jpg,0,0,1.37
71256_Piece_primary.jpg,0,6,1.38
71261_Piece_primary.jpg,0,0,1.37
71264_Piece_primary.jpg,0,0,1.35
71285_Piece_primary.jpg,0,0,1.32
71307_Piece_primary.jpg,0,0,1.33
71310_Piece_primary.jpg,0,0,1.36
71323_Piece_primary.jpg,0,5,1.32
71326_Piece_primary.jpg,0,3,1.32
71329_Piece_primary.jpg,0,0,1.34
71334_Piece_primary.jpg,0,6,1.33
71354_Piece_primary.jpg,0,0,1.34
71378_Piece_primary.jpg,0,3,1.36
71382_Piece_primary.jpg,0,0,1.36
71401_Piece_primary.jpg,0,0,1.30
71405_Piece_primary.jpg,1,9,1.31
71415_Piece_primary.jpg,0,1,1.33
71447_Piece_primary.jpg,0,0,1.34
71467_Piece_primary.jpg,0,1,1.38
71518_Piece_primary.jpg,0,0,1.34
71520_Piece_primary.jpg,0,0,1.34
71522_Piece_primary.jpg,0,7,1.36
71524_Piece_primary.jpg,0,3,1.32
71529_Piece_primary.jpg,1,9,1.34
71541_Piece_primary.jpg,0,0,1.34
71547_Piece_primary.jpg,0,3,1.42
71549_Piece_primary.jpg,0,0,1.40
71561_Piece_primary.jpg,0,0,1.37
71563_Piece_primary.jpg,1,9,1.44
71571_Piece_primary.jpg,0,0,1.35
71578_Piece_primary.jpg,0,1,1.38
71580_Piece_primary.jpg,1,9,1.36
71581_Brocade_primary.jpg,0,5,1.36
71583_Piece_primary.jpg,0,7,1.35
71596_Piece_primary.jpg,0,0,1.38
71601_Piece_primary.jpg,0,1,1.38
71607_Piece_primary.jpg,0,0,1.34
71608_Piece_primary.jpg,0,0,1.34
71619_Piece_primary.jpg,0,3,1.34
71623_Piece_primary.jpg,1,9,1.40
71639_Piece_primary.jpg,0,6,1.33
71640_Piece_primary.jpg,0,4,1.34
71674_Piece_primary.jpg,0,0,1.32
71687_Piece_primary.jpg,0,0,1.31
71694_Piece_primary.jpg,0,2,1.34
71698_Piece_primary.jpg,0,1,1.38
71708_Piece_primary.jpg,0,1,1.34
71715_Piece_primary.jpg,0,0,1.37
71735_Piece_primary.jpg,0,0,1.38
71741_Piece_primary.jpg,0,0,1.36
71762_Piece_primary.jpg,0,0,1.32
71770_Piece_primary.jpg,0,0,1.32
71776_Piece_primary.jpg,0,1,1.32
71783_Piece_primary.jpg,0,5,1.37
71803_Piece_primary.jpg,0,4,1.41
71804_Piece_primary.jpg,0,0,1.42
71810_Piece_primary.jpg,0,6,1.36
71811_Piece_primary.jpg,0,5,1.34
71820_Piece_primary.jpg,0,0,1.32
71826_Piece_primary.jpg,0,1,1.37
71831_Piece_primary.jpg,0,6,1.38
71847_Piece_primary.jpg,0,6,1.38
71859_Piece_primary.jpg,0,1,1.34
71871_Piece_primary.jpg,0,1,1.32
71873_Piece_primary.jpg,0,1,1.33
71875_Piece_primary.jpg,0,4,1.35
71892_Piece_primary.jpg,0,1,1.37
71908_Piece_primary.jpg,1,9,1.37
71910_Piece_primary.jpg,1,9,1.35
71919_Piece_primary.jpg,0,1,1.32
71931_Piece_primary.jpg,0,1,1.33
71935_Piece_primary.jpg,0,0,1.35
71941_Piece_primary.jpg,0,0,1.36
71949_Piece_primary.jpg,0,0,1.37
71956_Piece_primary.jpg,0,1,1.32
71962_Piece_primary.jpg,0,3,1.40
71967_Piece_primary.jpg,1,9,1.32
71972_Piece_primary.jpg,0,0,1.32
71976_Piece_primary.jpg,0,2,1.34
71983_Piece_primary.jpg,0,3,1.32
71988_Piece_primary.jpg,1,9,1.32
71990_Piece_primary.jpg,0,0,1.31
71993_Piece_primary.jpg,0,0,1.34
72002_Piece_primary.jpg,1,9,1.37
72007_Piece_primary.jpg,0,0,1.41
72017_Piece_primary.jpg,0,1,1.31
72027_Piece_primary.jpg,0,0,1.33
72031_Piece_primary.jpg,0,0,1.36
72038_Piece_primary.jpg,0,1,1.38
72040_Piece_primary.jpg,0,1,1.37
72057_Piece_primary.jpg,0,0,1.38
72081_Piece_primary.jpg,1,9,1.33
72099_Piece_primary.jpg,0,3,1.32
72117_Piece_primary.jpg,0,0,1.33
72127_Piece_primary.jpg,0,0,1.34
72132_Piece_primary.jpg,0,4,1.35
72160_Piece_primary.jpg,0,0,1.32
72163_Piece_primary.jpg,1,9,1.33
72169_Piece_primary.jpg,0,0,1.38
72183_Piece_primary.jpg,1,9,1.34
72188_Piece_primary.jpg,0,0,1.34
72190_Piece_primary.jpg,0,1,1.31
72234_Piece_primary.jpg,0,1,1.31
72241_Piece_primary.jpg,0,0,1.35
73137_Cover_Rumal_primary.jpg,0,0,1.37
73140_Festival_Banner_Showing_Krishna_Rescuing_and_Marry_primary.jpg,0,0,1.54
74365_Woven_Textile_with_Male_Bust_in_Pearl_Roundel_primary.jpg,0,1,1.32
74475_The_Combat_of_Rama_and_Ravana_primary.jpg,0,3,1.33
74536_Textile_with_Partial_Phoenix_primary.jpg,1,9,1.31
74549_Piece_from_a_Kosode_with_Incomplete_Floral_Pattern_primary.jpg,0,2,1.30
74557_Piece_from_a_Kosode_with_Partial_Decorative_Ball_primary.jpg,0,2,1.36
74577_Piece_from_a_Kosode_with_Bush_Clover_hagi_and_primary.jpg,1,9,1.38
74594_Piece_from_a_Kosode_with_Chrysanthemums_primary.jpg,0,0,1.31
76594_Sutra_Cover_with_Floral_Pattern_primary.jpg,0,1,1.46
76612_Sutra_cover_primary.jpg,0,0,1.33
787767_Shahsevan_Saddle_Bag_primary.jpg,0,0,1.33
787769_Shahsevan_Small_Bag_primary.jpg,0,0,1.37
853911_Pouch_primary.jpg,1,9,1.46
861028_The_Gopis_celebrating_Krishna_primary.jpg,0,1,1.38
